INFO:     Will watch for changes in these directories: ['C:\\Users\\Nurasyl\\Diplom\\DiplomaProject\\backend']
INFO:     Uvicorn running on http://127.0.0.1:8000 (Press CTRL+C to quit)
INFO:     Started reloader process [21580] using WatchFiles
INFO:     Started server process [16864]
INFO:     Waiting for application startup.
INFO:     Application startup complete.
NewsAPI en responded 429: {"status":"error","code":"rateLimited","message":"You have made too many requests recently. Developer accounts are limited to 100 requests over a 24 hour period (50 requests available every 12 hours). Please upgrade to a paid plan if you need more requests."}
NewsAPI en responded 429: {"status":"error","code":"rateLimited","message":"You have made too many requests recently. Developer accounts are limited to 100 requests over a 24 hour period (50 requests available every 12 hours). Please upgrade to a paid plan if you need more requests."}
NewsAPI ru responded 429: {"status":"error","code":"rateLimited","message":"You have made too many requests recently. Developer accounts are limited to 100 requests over a 24 hour period (50 requests available every 12 hours). Please upgrade to a paid plan if you need more requests."}
NewsAPI en responded 429: {"status":"error","code":"rateLimited","message":"You have made too many requests recently. Developer accounts are limited to 100 requests over a 24 hour period (50 requests available every 12 hours). Please upgrade to a paid plan if you need more requests."}
NewsAPI en responded 429: {"status":"error","code":"rateLimited","message":"You have made too many requests recently. Developer accounts are limited to 100 requests over a 24 hour period (50 requests available every 12 hours). Please upgrade to a paid plan if you need more requests."}
NewsAPI ru responded 429: {"status":"error","code":"rateLimited","message":"You have made too many requests recently. Developer accounts are limited to 100 requests over a 24 hour period (50 requests available every 12 hours). Please upgrade to a paid plan if you need more requests."}
SerpAPI en/us responded 429: {
  "error": "Your account has run out of searches."
}
NewsAPI en responded 429: {"status":"error","code":"rateLimited","message":"You have made too many requests recently. Developer accounts are limited to 100 requests over a 24 hour period (50 requests available every 12 hours). Please upgrade to a paid plan if you need more requests."}
NewsAPI ru responded 429: {"status":"error","code":"rateLimited","message":"You have made too many requests recently. Developer accounts are limited to 100 requests over a 24 hour period (50 requests available every 12 hours). Please upgrade to a paid plan if you need more requests."}
SerpAPI ru/ru responded 429: {
  "error": "Your account has run out of searches."
}
NewsAPI ru responded 429: {"status":"error","code":"rateLimited","message":"You have made too many requests recently. Developer accounts are limited to 100 requests over a 24 hour period (50 requests available every 12 hours). Please upgrade to a paid plan if you need more requests."}
NewsAPI ru responded 429: {"status":"error","code":"rateLimited","message":"You have made too many requests recently. Developer accounts are limited to 100 requests over a 24 hour period (50 requests available every 12 hours). Please upgrade to a paid plan if you need more requests."}
SerpAPI en/us responded 429: {
  "error": "Your account has run out of searches."
}
NewsAPI en responded 429: {"status":"error","code":"rateLimited","message":"You have made too many requests recently. Developer accounts are limited to 100 requests over a 24 hour period (50 requests available every 12 hours). Please upgrade to a paid plan if you need more requests."}
SerpAPI en/us responded 429: {
  "error": "Your account has run out of searches."
}
SerpAPI en/us responded 429: {
  "error": "Your account has run out of searches."
}
NewsAPI en responded 429: {"status":"error","code":"rateLimited","message":"You have made too many requests recently. Developer accounts are limited to 100 requests over a 24 hour period (50 requests available every 12 hours). Please upgrade to a paid plan if you need more requests."}
NewsAPI ru responded 429: {"status":"error","code":"rateLimited","message":"You have made too many requests recently. Developer accounts are limited to 100 requests over a 24 hour period (50 requests available every 12 hours). Please upgrade to a paid plan if you need more requests."}
SerpAPI ru/ru responded 429: {
  "error": "Your account has run out of searches."
}
NewsAPI en responded 429: {"status":"error","code":"rateLimited","message":"You have made too many requests recently. Developer accounts are limited to 100 requests over a 24 hour period (50 requests available every 12 hours). Please upgrade to a paid plan if you need more requests."}
NewsAPI ru responded 429: {"status":"error","code":"rateLimited","message":"You have made too many requests recently. Developer accounts are limited to 100 requests over a 24 hour period (50 requests available every 12 hours). Please upgrade to a paid plan if you need more requests."}
SerpAPI ru/ru responded 429: {
  "error": "Your account has run out of searches."
}
SerpAPI ru/ru responded 429: {
  "error": "Your account has run out of searches."
}
SerpAPI en/us responded 429: {
  "error": "Your account has run out of searches."
}
SerpAPI en/us responded 429: {
  "error": "Your account has run out of searches."
}
NewsAPI en responded 429: {"status":"error","code":"rateLimited","message":"You have made too many requests recently. Developer accounts are limited to 100 requests over a 24 hour period (50 requests available every 12 hours). Please upgrade to a paid plan if you need more requests."}
NewsAPI ru responded 429: {"status":"error","code":"rateLimited","message":"You have made too many requests recently. Developer accounts are limited to 100 requests over a 24 hour period (50 requests available every 12 hours). Please upgrade to a paid plan if you need more requests."}
SerpAPI en/us responded 429: {
  "error": "Your account has run out of searches."
}
NewsAPI en responded 429: {"status":"error","code":"rateLimited","message":"You have made too many requests recently. Developer accounts are limited to 100 requests over a 24 hour period (50 requests available every 12 hours). Please upgrade to a paid plan if you need more requests."}
SerpAPI ru/ru responded 429: {
  "error": "Your account has run out of searches."
}
SerpAPI ru/ru responded 429: {
  "error": "Your account has run out of searches."
}
SerpAPI en/us responded 429: {
  "error": "Your account has run out of searches."
}
NewsAPI ru responded 429: {"status":"error","code":"rateLimited","message":"You have made too many requests recently. Developer accounts are limited to 100 requests over a 24 hour period (50 requests available every 12 hours). Please upgrade to a paid plan if you need more requests."}
SerpAPI ru/ru responded 429: {
  "error": "Your account has run out of searches."
}
SerpAPI ru/ru responded 429: {
  "error": "Your account has run out of searches."
}
NewsAPI en responded 429: {"status":"error","code":"rateLimited","message":"You have made too many requests recently. Developer accounts are limited to 100 requests over a 24 hour period (50 requests available every 12 hours). Please upgrade to a paid plan if you need more requests."}
NewsAPI ru responded 429: {"status":"error","code":"rateLimited","message":"You have made too many requests recently. Developer accounts are limited to 100 requests over a 24 hour period (50 requests available every 12 hours). Please upgrade to a paid plan if you need more requests."}
SerpAPI en/us responded 429: {
  "error": "Your account has run out of searches."
}
NewsAPI ru responded 429: {"status":"error","code":"rateLimited","message":"You have made too many requests recently. Developer accounts are limited to 100 requests over a 24 hour period (50 requests available every 12 hours). Please upgrade to a paid plan if you need more requests."}
SerpAPI ru/ru responded 429: {
  "error": "Your account has run out of searches."
}
SerpAPI en/us responded 429: {
  "error": "Your account has run out of searches."
}
SerpAPI en/us responded 429: {
  "error": "Your account has run out of searches."
}
SerpAPI en/us responded 429: {
  "error": "Your account has run out of searches."
}
SerpAPI ru/ru responded 429: {
  "error": "Your account has run out of searches."
}
NewsData.io request failed: Server disconnected without sending a response.
SerpAPI ru/ru responded 429: {
  "error": "Your account has run out of searches."
}
SerpAPI en/us responded 429: {
  "error": "Your account has run out of searches."
}
SerpAPI ru/ru responded 429: {
  "error": "Your account has run out of searches."
}
SerpAPI ru/ru responded 429: {
  "error": "Your account has run out of searches."
}
NewsData.io request failed: Server disconnected without sending a response.
NewsAPI ru responded 429: {"status":"error","code":"rateLimited","message":"You have made too many requests recently. Developer accounts are limited to 100 requests over a 24 hour period (50 requests available every 12 hours). Please upgrade to a paid plan if you need more requests."}
WorldNewsAPI {'language': 'en'} responded 429: {"status":"failure", "code":429,"message":"Too many concurrent requests"}
WorldNewsAPI {'language': 'kk'} responded 429: {"status":"failure", "code":429,"message":"Too many concurrent requests"}
NewsAPI ru responded 429: {"status":"error","code":"rateLimited","message":"You have made too many requests recently. Developer accounts are limited to 100 requests over a 24 hour period (50 requests available every 12 hours). Please upgrade to a paid plan if you need more requests."}
SerpAPI en/us responded 429: {
  "error": "Your account has run out of searches."
}
SerpAPI ru/ru responded 429: {
  "error": "Your account has run out of searches."
}
SerpAPI en/us responded 429: {
  "error": "Your account has run out of searches."
}
WorldNewsAPI {'language': 'en'} responded 429: {"status":"failure", "code":429,"message":"Too many concurrent requests"}
SerpAPI ru/ru responded 429: {
  "error": "Your account has run out of searches."
}
NewsAPI ru responded 429: {"status":"error","code":"rateLimited","message":"You have made too many requests recently. Developer accounts are limited to 100 requests over a 24 hour period (50 requests available every 12 hours). Please upgrade to a paid plan if you need more requests."}
SerpAPI en/us responded 429: {
  "error": "Your account has run out of searches."
}
SerpAPI ru/ru responded 429: {
  "error": "Your account has run out of searches."
}
WorldNewsAPI {'language': 'ru'} responded 429: {"status":"failure", "code":429,"message":"Too many concurrent requests"}
WorldNewsAPI {'source-country': 'kz'} responded 429: {"status":"failure", "code":429,"message":"Too many concurrent requests"}
NewsAPI ru responded 429: {"status":"error","code":"rateLimited","message":"You have made too many requests recently. Developer accounts are limited to 100 requests over a 24 hour period (50 requests available every 12 hours). Please upgrade to a paid plan if you need more requests."}
WorldNewsAPI {'language': 'kk'} responded 429: {"status":"failure", "code":429,"message":"Too many concurrent requests"}
WorldNewsAPI {'language': 'kk'} responded 429: {"status":"failure", "code":429,"message":"Too many concurrent requests"}
SerpAPI en/us responded 429: {
  "error": "Your account has run out of searches."
}
WorldNewsAPI {'source-country': 'kz'} responded 429: {"status":"failure", "code":429,"message":"Too many concurrent requests"}
WorldNewsAPI {'source-country': 'kz'} responded 429: {"status":"failure", "code":429,"message":"Too many concurrent requests"}
SerpAPI ru/ru responded 429: {
  "error": "Your account has run out of searches."
}
NewsAPI ru responded 429: {"status":"error","code":"rateLimited","message":"You have made too many requests recently. Developer accounts are limited to 100 requests over a 24 hour period (50 requests available every 12 hours). Please upgrade to a paid plan if you need more requests."}
SerpAPI en/us responded 429: {
  "error": "Your account has run out of searches."
}
SerpAPI ru/ru responded 429: {
  "error": "Your account has run out of searches."
}
WorldNewsAPI {'language': 'ru'} responded 402: {"status":"failure", "code":402,"message":"Your daily points limit of 50 has been reached. Please upgrade your plan to continue using the API."}
WorldNewsAPI {'language': 'kk'} responded 402: {"status":"failure", "code":402,"message":"Your daily points limit of 50 has been reached. Please upgrade your plan to continue using the API."}
WorldNewsAPI {'language': 'ru'} responded 402: {"status":"failure", "code":402,"message":"Your daily points limit of 50 has been reached. Please upgrade your plan to continue using the API."}
WorldNewsAPI {'source-country': 'kz'} responded 402: {"status":"failure", "code":402,"message":"Your daily points limit of 50 has been reached. Please upgrade your plan to continue using the API."}
WorldNewsAPI {'language': 'kk'} responded 402: {"status":"failure", "code":402,"message":"Your daily points limit of 50 has been reached. Please upgrade your plan to continue using the API."}
WorldNewsAPI {'source-country': 'kz'} responded 402: {"status":"failure", "code":402,"message":"Your daily points limit of 50 has been reached. Please upgrade your plan to continue using the API."}
WorldNewsAPI request failed: 
WorldNewsAPI {'language': 'kk'} responded 402: {"status":"failure", "code":402,"message":"Your daily points limit of 50 has been reached. Please upgrade your plan to continue using the API."}
WorldNewsAPI {'source-country': 'kz'} responded 402: {"status":"failure", "code":402,"message":"Your daily points limit of 50 has been reached. Please upgrade your plan to continue using the API."}
WorldNewsAPI {'language': 'ru'} responded 402: {"status":"failure", "code":402,"message":"Your daily points limit of 50 has been reached. Please upgrade your plan to continue using the API."}
WorldNewsAPI {'source-country': 'kz'} responded 402: {"status":"failure", "code":402,"message":"Your daily points limit of 50 has been reached. Please upgrade your plan to continue using the API."}
WorldNewsAPI {'language': 'kk'} responded 402: {"status":"failure", "code":402,"message":"Your daily points limit of 50 has been reached. Please upgrade your plan to continue using the API."}
WorldNewsAPI request failed: Server disconnected without sending a response.
WorldNewsAPI {'source-country': 'kz'} responded 402: {"status":"failure", "code":402,"message":"Your daily points limit of 50 has been reached. Please upgrade your plan to continue using the API."}
WorldNewsAPI {'language': 'kk'} responded 402: {"status":"failure", "code":402,"message":"Your daily points limit of 50 has been reached. Please upgrade your plan to continue using the API."}
WorldNewsAPI {'source-country': 'kz'} responded 402: {"status":"failure", "code":402,"message":"Your daily points limit of 50 has been reached. Please upgrade your plan to continue using the API."}
WorldNewsAPI {'language': 'ru'} responded 402: {"status":"failure", "code":402,"message":"Your daily points limit of 50 has been reached. Please upgrade your plan to continue using the API."}
WorldNewsAPI {'language': 'kk'} responded 402: {"status":"failure", "code":402,"message":"Your daily points limit of 50 has been reached. Please upgrade your plan to continue using the API."}
WorldNewsAPI {'source-country': 'kz'} responded 402: {"status":"failure", "code":402,"message":"Your daily points limit of 50 has been reached. Please upgrade your plan to continue using the API."}
WorldNewsAPI {'language': 'ru'} responded 402: {"status":"failure", "code":402,"message":"Your daily points limit of 50 has been reached. Please upgrade your plan to continue using the API."}
WorldNewsAPI {'language': 'kk'} responded 402: {"status":"failure", "code":402,"message":"Your daily points limit of 50 has been reached. Please upgrade your plan to continue using the API."}
WorldNewsAPI {'source-country': 'kz'} responded 402: {"status":"failure", "code":402,"message":"Your daily points limit of 50 has been reached. Please upgrade your plan to continue using the API."}
NewsAPI en responded 429: {"status":"error","code":"rateLimited","message":"You have made too many requests recently. Developer accounts are limited to 100 requests over a 24 hour period (50 requests available every 12 hours). Please upgrade to a paid plan if you need more requests."}
NewsAPI en responded 429: {"status":"error","code":"rateLimited","message":"You have made too many requests recently. Developer accounts are limited to 100 requests over a 24 hour period (50 requests available every 12 hours). Please upgrade to a paid plan if you need more requests."}
NewsAPI en responded 429: {"status":"error","code":"rateLimited","message":"You have made too many requests recently. Developer accounts are limited to 100 requests over a 24 hour period (50 requests available every 12 hours). Please upgrade to a paid plan if you need more requests."}
NewsAPI ru responded 429: {"status":"error","code":"rateLimited","message":"You have made too many requests recently. Developer accounts are limited to 100 requests over a 24 hour period (50 requests available every 12 hours). Please upgrade to a paid plan if you need more requests."}
NewsAPI en responded 429: {"status":"error","code":"rateLimited","message":"You have made too many requests recently. Developer accounts are limited to 100 requests over a 24 hour period (50 requests available every 12 hours). Please upgrade to a paid plan if you need more requests."}
NewsAPI en responded 429: {"status":"error","code":"rateLimited","message":"You have made too many requests recently. Developer accounts are limited to 100 requests over a 24 hour period (50 requests available every 12 hours). Please upgrade to a paid plan if you need more requests."}
NewsAPI ru responded 429: {"status":"error","code":"rateLimited","message":"You have made too many requests recently. Developer accounts are limited to 100 requests over a 24 hour period (50 requests available every 12 hours). Please upgrade to a paid plan if you need more requests."}
NewsAPI ru responded 429: {"status":"error","code":"rateLimited","message":"You have made too many requests recently. Developer accounts are limited to 100 requests over a 24 hour period (50 requests available every 12 hours). Please upgrade to a paid plan if you need more requests."}
NewsAPI ru responded 429: {"status":"error","code":"rateLimited","message":"You have made too many requests recently. Developer accounts are limited to 100 requests over a 24 hour period (50 requests available every 12 hours). Please upgrade to a paid plan if you need more requests."}
NewsAPI ru responded 429: {"status":"error","code":"rateLimited","message":"You have made too many requests recently. Developer accounts are limited to 100 requests over a 24 hour period (50 requests available every 12 hours). Please upgrade to a paid plan if you need more requests."}
NewsAPI en responded 429: {"status":"error","code":"rateLimited","message":"You have made too many requests recently. Developer accounts are limited to 100 requests over a 24 hour period (50 requests available every 12 hours). Please upgrade to a paid plan if you need more requests."}
NewsAPI en responded 429: {"status":"error","code":"rateLimited","message":"You have made too many requests recently. Developer accounts are limited to 100 requests over a 24 hour period (50 requests available every 12 hours). Please upgrade to a paid plan if you need more requests."}
NewsAPI en responded 429: {"status":"error","code":"rateLimited","message":"You have made too many requests recently. Developer accounts are limited to 100 requests over a 24 hour period (50 requests available every 12 hours). Please upgrade to a paid plan if you need more requests."}
NewsAPI ru responded 429: {"status":"error","code":"rateLimited","message":"You have made too many requests recently. Developer accounts are limited to 100 requests over a 24 hour period (50 requests available every 12 hours). Please upgrade to a paid plan if you need more requests."}
SerpAPI en/us responded 429: {
  "error": "Your account has run out of searches."
}
SerpAPI en/us responded 429: {
  "error": "Your account has run out of searches."
}
SerpAPI en/us responded 429: {
  "error": "Your account has run out of searches."
}
NewsAPI ru responded 429: {"status":"error","code":"rateLimited","message":"You have made too many requests recently. Developer accounts are limited to 100 requests over a 24 hour period (50 requests available every 12 hours). Please upgrade to a paid plan if you need more requests."}
NewsAPI ru responded 429: {"status":"error","code":"rateLimited","message":"You have made too many requests recently. Developer accounts are limited to 100 requests over a 24 hour period (50 requests available every 12 hours). Please upgrade to a paid plan if you need more requests."}
SerpAPI ru/ru responded 429: {
  "error": "Your account has run out of searches."
}
SerpAPI ru/ru responded 429: {
  "error": "Your account has run out of searches."
}
SerpAPI en/us responded 429: {
  "error": "Your account has run out of searches."
}
NewsAPI en responded 429: {"status":"error","code":"rateLimited","message":"You have made too many requests recently. Developer accounts are limited to 100 requests over a 24 hour period (50 requests available every 12 hours). Please upgrade to a paid plan if you need more requests."}
SerpAPI ru/ru responded 429: {
  "error": "Your account has run out of searches."
}
SerpAPI en/us responded 429: {
  "error": "Your account has run out of searches."
}
SerpAPI ru/ru responded 429: {
  "error": "Your account has run out of searches."
}
NewsAPI ru responded 429: {"status":"error","code":"rateLimited","message":"You have made too many requests recently. Developer accounts are limited to 100 requests over a 24 hour period (50 requests available every 12 hours). Please upgrade to a paid plan if you need more requests."}
NewsAPI en responded 429: {"status":"error","code":"rateLimited","message":"You have made too many requests recently. Developer accounts are limited to 100 requests over a 24 hour period (50 requests available every 12 hours). Please upgrade to a paid plan if you need more requests."}
SerpAPI ru/ru responded 429: {
  "error": "Your account has run out of searches."
}
SerpAPI en/us responded 429: {
  "error": "Your account has run out of searches."
}
NewsAPI en responded 429: {"status":"error","code":"rateLimited","message":"You have made too many requests recently. Developer accounts are limited to 100 requests over a 24 hour period (50 requests available every 12 hours). Please upgrade to a paid plan if you need more requests."}
SerpAPI en/us responded 429: {
  "error": "Your account has run out of searches."
}
NewsAPI ru responded 429: {"status":"error","code":"rateLimited","message":"You have made too many requests recently. Developer accounts are limited to 100 requests over a 24 hour period (50 requests available every 12 hours). Please upgrade to a paid plan if you need more requests."}
SerpAPI ru/ru responded 429: {
  "error": "Your account has run out of searches."
}
NewsAPI en responded 429: {"status":"error","code":"rateLimited","message":"You have made too many requests recently. Developer accounts are limited to 100 requests over a 24 hour period (50 requests available every 12 hours). Please upgrade to a paid plan if you need more requests."}
SerpAPI en/us responded 429: {
  "error": "Your account has run out of searches."
}
SerpAPI ru/ru responded 429: {
  "error": "Your account has run out of searches."
}
NewsAPI ru responded 429: {"status":"error","code":"rateLimited","message":"You have made too many requests recently. Developer accounts are limited to 100 requests over a 24 hour period (50 requests available every 12 hours). Please upgrade to a paid plan if you need more requests."}
NewsAPI ru responded 429: {"status":"error","code":"rateLimited","message":"You have made too many requests recently. Developer accounts are limited to 100 requests over a 24 hour period (50 requests available every 12 hours). Please upgrade to a paid plan if you need more requests."}
SerpAPI ru/ru responded 429: {
  "error": "Your account has run out of searches."
}
SerpAPI en/us responded 429: {
  "error": "Your account has run out of searches."
}
NewsAPI en responded 429: {"status":"error","code":"rateLimited","message":"You have made too many requests recently. Developer accounts are limited to 100 requests over a 24 hour period (50 requests available every 12 hours). Please upgrade to a paid plan if you need more requests."}
NewsAPI en responded 429: {"status":"error","code":"rateLimited","message":"You have made too many requests recently. Developer accounts are limited to 100 requests over a 24 hour period (50 requests available every 12 hours). Please upgrade to a paid plan if you need more requests."}
SerpAPI en/us responded 429: {
  "error": "Your account has run out of searches."
}
SerpAPI ru/ru responded 429: {
  "error": "Your account has run out of searches."
}
NewsAPI ru responded 429: {"status":"error","code":"rateLimited","message":"You have made too many requests recently. Developer accounts are limited to 100 requests over a 24 hour period (50 requests available every 12 hours). Please upgrade to a paid plan if you need more requests."}
NewsAPI ru responded 429: {"status":"error","code":"rateLimited","message":"You have made too many requests recently. Developer accounts are limited to 100 requests over a 24 hour period (50 requests available every 12 hours). Please upgrade to a paid plan if you need more requests."}
SerpAPI ru/ru responded 429: {
  "error": "Your account has run out of searches."
}
SerpAPI en/us responded 429: {
  "error": "Your account has run out of searches."
}
NewsAPI en responded 429: {"status":"error","code":"rateLimited","message":"You have made too many requests recently. Developer accounts are limited to 100 requests over a 24 hour period (50 requests available every 12 hours). Please upgrade to a paid plan if you need more requests."}
SerpAPI ru/ru responded 429: {
  "error": "Your account has run out of searches."
}
NewsAPI ru responded 429: {"status":"error","code":"rateLimited","message":"You have made too many requests recently. Developer accounts are limited to 100 requests over a 24 hour period (50 requests available every 12 hours). Please upgrade to a paid plan if you need more requests."}
SerpAPI en/us responded 429: {
  "error": "Your account has run out of searches."
}
NewsAPI en responded 429: {"status":"error","code":"rateLimited","message":"You have made too many requests recently. Developer accounts are limited to 100 requests over a 24 hour period (50 requests available every 12 hours). Please upgrade to a paid plan if you need more requests."}
NewsAPI en responded 429: {"status":"error","code":"rateLimited","message":"You have made too many requests recently. Developer accounts are limited to 100 requests over a 24 hour period (50 requests available every 12 hours). Please upgrade to a paid plan if you need more requests."}
NewsData.io request failed: Server disconnected without sending a response.
NewsData.io request failed: Server disconnected without sending a response.
NewsAPI ru responded 429: {"status":"error","code":"rateLimited","message":"You have made too many requests recently. Developer accounts are limited to 100 requests over a 24 hour period (50 requests available every 12 hours). Please upgrade to a paid plan if you need more requests."}
NewsAPI ru responded 429: {"status":"error","code":"rateLimited","message":"You have made too many requests recently. Developer accounts are limited to 100 requests over a 24 hour period (50 requests available every 12 hours). Please upgrade to a paid plan if you need more requests."}
SerpAPI en/us responded 429: {
  "error": "Your account has run out of searches."
}
SerpAPI ru/ru responded 429: {
  "error": "Your account has run out of searches."
}
SerpAPI en/us responded 429: {
  "error": "Your account has run out of searches."
}
SerpAPI ru/ru responded 429: {
  "error": "Your account has run out of searches."
}
NewsAPI en responded 429: {"status":"error","code":"rateLimited","message":"You have made too many requests recently. Developer accounts are limited to 100 requests over a 24 hour period (50 requests available every 12 hours). Please upgrade to a paid plan if you need more requests."}
SerpAPI ru/ru responded 429: {
  "error": "Your account has run out of searches."
}
SerpAPI en/us responded 429: {
  "error": "Your account has run out of searches."
}
NewsAPI ru responded 429: {"status":"error","code":"rateLimited","message":"You have made too many requests recently. Developer accounts are limited to 100 requests over a 24 hour period (50 requests available every 12 hours). Please upgrade to a paid plan if you need more requests."}
SerpAPI en/us responded 429: {
  "error": "Your account has run out of searches."
}
SerpAPI en/us responded 429: {
  "error": "Your account has run out of searches."
}
SerpAPI ru/ru responded 429: {
  "error": "Your account has run out of searches."
}
SerpAPI ru/ru responded 429: {
  "error": "Your account has run out of searches."
}
SerpAPI ru/ru responded 429: {
  "error": "Your account has run out of searches."
}
WorldNewsAPI {'language': 'en'} responded 402: {"status":"failure", "code":402,"message":"Your daily points limit of 50 has been reached. Please upgrade your plan to continue using the API."}
WorldNewsAPI {'language': 'ru'} responded 402: {"status":"failure", "code":402,"message":"Your daily points limit of 50 has been reached. Please upgrade your plan to continue using the API."}
WorldNewsAPI {'language': 'en'} responded 402: {"status":"failure", "code":402,"message":"Your daily points limit of 50 has been reached. Please upgrade your plan to continue using the API."}
SerpAPI en/us responded 429: {
  "error": "Your account has run out of searches."
}
WorldNewsAPI {'language': 'en'} responded 402: {"status":"failure", "code":402,"message":"Your daily points limit of 50 has been reached. Please upgrade your plan to continue using the API."}
WorldNewsAPI {'language': 'en'} responded 402: {"status":"failure", "code":402,"message":"Your daily points limit of 50 has been reached. Please upgrade your plan to continue using the API."}
WorldNewsAPI {'language': 'ru'} responded 402: {"status":"failure", "code":402,"message":"Your daily points limit of 50 has been reached. Please upgrade your plan to continue using the API."}
WorldNewsAPI {'language': 'kk'} responded 402: {"status":"failure", "code":402,"message":"Your daily points limit of 50 has been reached. Please upgrade your plan to continue using the API."}
SerpAPI ru/ru responded 429: {
  "error": "Your account has run out of searches."
}
WorldNewsAPI {'language': 'kk'} responded 402: {"status":"failure", "code":402,"message":"Your daily points limit of 50 has been reached. Please upgrade your plan to continue using the API."}
WorldNewsAPI {'language': 'ru'} responded 402: {"status":"failure", "code":402,"message":"Your daily points limit of 50 has been reached. Please upgrade your plan to continue using the API."}
WorldNewsAPI {'language': 'ru'} responded 402: {"status":"failure", "code":402,"message":"Your daily points limit of 50 has been reached. Please upgrade your plan to continue using the API."}
WorldNewsAPI {'source-country': 'kz'} responded 402: {"status":"failure", "code":402,"message":"Your daily points limit of 50 has been reached. Please upgrade your plan to continue using the API."}
WorldNewsAPI {'language': 'kk'} responded 402: {"status":"failure", "code":402,"message":"Your daily points limit of 50 has been reached. Please upgrade your plan to continue using the API."}
WorldNewsAPI {'language': 'kk'} responded 402: {"status":"failure", "code":402,"message":"Your daily points limit of 50 has been reached. Please upgrade your plan to continue using the API."}
WorldNewsAPI {'language': 'en'} responded 402: {"status":"failure", "code":402,"message":"Your daily points limit of 50 has been reached. Please upgrade your plan to continue using the API."}
WorldNewsAPI {'source-country': 'kz'} responded 402: {"status":"failure", "code":402,"message":"Your daily points limit of 50 has been reached. Please upgrade your plan to continue using the API."}
WorldNewsAPI {'source-country': 'kz'} responded 429: {"status":"failure", "code":429,"message":"Too many concurrent requests"}
WorldNewsAPI {'source-country': 'kz'} responded 402: {"status":"failure", "code":402,"message":"Your daily points limit of 50 has been reached. Please upgrade your plan to continue using the API."}
WorldNewsAPI {'language': 'ru'} responded 429: {"status":"failure", "code":429,"message":"Too many concurrent requests"}
NewsData.io request failed: Server disconnected without sending a response.
WorldNewsAPI {'language': 'kk'} responded 402: {"status":"failure", "code":402,"message":"Your daily points limit of 50 has been reached. Please upgrade your plan to continue using the API."}
WorldNewsAPI {'source-country': 'kz'} responded 402: {"status":"failure", "code":402,"message":"Your daily points limit of 50 has been reached. Please upgrade your plan to continue using the API."}
WorldNewsAPI {'language': 'en'} responded 402: {"status":"failure", "code":402,"message":"Your daily points limit of 50 has been reached. Please upgrade your plan to continue using the API."}
WorldNewsAPI {'language': 'en'} responded 402: {"status":"failure", "code":402,"message":"Your daily points limit of 50 has been reached. Please upgrade your plan to continue using the API."}
WorldNewsAPI {'language': 'ru'} responded 402: {"status":"failure", "code":402,"message":"Your daily points limit of 50 has been reached. Please upgrade your plan to continue using the API."}
WorldNewsAPI {'language': 'ru'} responded 402: {"status":"failure", "code":402,"message":"Your daily points limit of 50 has been reached. Please upgrade your plan to continue using the API."}
WorldNewsAPI {'language': 'en'} responded 402: {"status":"failure", "code":402,"message":"Your daily points limit of 50 has been reached. Please upgrade your plan to continue using the API."}
WorldNewsAPI {'language': 'kk'} responded 402: {"status":"failure", "code":402,"message":"Your daily points limit of 50 has been reached. Please upgrade your plan to continue using the API."}
WorldNewsAPI {'language': 'en'} responded 402: {"status":"failure", "code":402,"message":"Your daily points limit of 50 has been reached. Please upgrade your plan to continue using the API."}
WorldNewsAPI {'language': 'ru'} responded 402: {"status":"failure", "code":402,"message":"Your daily points limit of 50 has been reached. Please upgrade your plan to continue using the API."}
WorldNewsAPI {'language': 'kk'} responded 402: {"status":"failure", "code":402,"message":"Your daily points limit of 50 has been reached. Please upgrade your plan to continue using the API."}
WorldNewsAPI {'language': 'ru'} responded 402: {"status":"failure", "code":402,"message":"Your daily points limit of 50 has been reached. Please upgrade your plan to continue using the API."}
WorldNewsAPI {'language': 'kk'} responded 402: {"status":"failure", "code":402,"message":"Your daily points limit of 50 has been reached. Please upgrade your plan to continue using the API."}
WorldNewsAPI {'language': 'en'} responded 402: {"status":"failure", "code":402,"message":"Your daily points limit of 50 has been reached. Please upgrade your plan to continue using the API."}
WorldNewsAPI {'source-country': 'kz'} responded 429: {"status":"failure", "code":429,"message":"Too many concurrent requests"}
WorldNewsAPI {'source-country': 'kz'} responded 402: {"status":"failure", "code":402,"message":"Your daily points limit of 50 has been reached. Please upgrade your plan to continue using the API."}
WorldNewsAPI {'language': 'kk'} responded 402: {"status":"failure", "code":402,"message":"Your daily points limit of 50 has been reached. Please upgrade your plan to continue using the API."}
WorldNewsAPI {'language': 'ru'} responded 402: {"status":"failure", "code":402,"message":"Your daily points limit of 50 has been reached. Please upgrade your plan to continue using the API."}
WorldNewsAPI {'language': 'en'} responded 402: {"status":"failure", "code":402,"message":"Your daily points limit of 50 has been reached. Please upgrade your plan to continue using the API."}
WorldNewsAPI {'source-country': 'kz'} responded 402: {"status":"failure", "code":402,"message":"Your daily points limit of 50 has been reached. Please upgrade your plan to continue using the API."}
WorldNewsAPI {'source-country': 'kz'} responded 402: {"status":"failure", "code":402,"message":"Your daily points limit of 50 has been reached. Please upgrade your plan to continue using the API."}
WorldNewsAPI {'language': 'kk'} responded 402: {"status":"failure", "code":402,"message":"Your daily points limit of 50 has been reached. Please upgrade your plan to continue using the API."}
WorldNewsAPI {'language': 'ru'} responded 402: {"status":"failure", "code":402,"message":"Your daily points limit of 50 has been reached. Please upgrade your plan to continue using the API."}
WorldNewsAPI {'source-country': 'kz'} responded 402: {"status":"failure", "code":402,"message":"Your daily points limit of 50 has been reached. Please upgrade your plan to continue using the API."}
WorldNewsAPI {'language': 'kk'} responded 402: {"status":"failure", "code":402,"message":"Your daily points limit of 50 has been reached. Please upgrade your plan to continue using the API."}
WorldNewsAPI {'language': 'en'} responded 402: {"status":"failure", "code":402,"message":"Your daily points limit of 50 has been reached. Please upgrade your plan to continue using the API."}
WorldNewsAPI {'language': 'en'} responded 402: {"status":"failure", "code":402,"message":"Your daily points limit of 50 has been reached. Please upgrade your plan to continue using the API."}
WorldNewsAPI {'source-country': 'kz'} responded 402: {"status":"failure", "code":402,"message":"Your daily points limit of 50 has been reached. Please upgrade your plan to continue using the API."}
WorldNewsAPI {'language': 'ru'} responded 402: {"status":"failure", "code":402,"message":"Your daily points limit of 50 has been reached. Please upgrade your plan to continue using the API."}
WorldNewsAPI {'language': 'kk'} responded 402: {"status":"failure", "code":402,"message":"Your daily points limit of 50 has been reached. Please upgrade your plan to continue using the API."}
WorldNewsAPI {'language': 'ru'} responded 402: {"status":"failure", "code":402,"message":"Your daily points limit of 50 has been reached. Please upgrade your plan to continue using the API."}
WorldNewsAPI {'language': 'kk'} responded 402: {"status":"failure", "code":402,"message":"Your daily points limit of 50 has been reached. Please upgrade your plan to continue using the API."}
WorldNewsAPI {'source-country': 'kz'} responded 402: {"status":"failure", "code":402,"message":"Your daily points limit of 50 has been reached. Please upgrade your plan to continue using the API."}
WorldNewsAPI {'source-country': 'kz'} responded 402: {"status":"failure", "code":402,"message":"Your daily points limit of 50 has been reached. Please upgrade your plan to continue using the API."}
WorldNewsAPI {'language': 'en'} responded 402: {"status":"failure", "code":402,"message":"Your daily points limit of 50 has been reached. Please upgrade your plan to continue using the API."}
WorldNewsAPI {'language': 'en'} responded 402: {"status":"failure", "code":402,"message":"Your daily points limit of 50 has been reached. Please upgrade your plan to continue using the API."}
WorldNewsAPI {'language': 'ru'} responded 402: {"status":"failure", "code":402,"message":"Your daily points limit of 50 has been reached. Please upgrade your plan to continue using the API."}
WorldNewsAPI {'language': 'kk'} responded 402: {"status":"failure", "code":402,"message":"Your daily points limit of 50 has been reached. Please upgrade your plan to continue using the API."}
WorldNewsAPI {'language': 'ru'} responded 402: {"status":"failure", "code":402,"message":"Your daily points limit of 50 has been reached. Please upgrade your plan to continue using the API."}
WorldNewsAPI {'language': 'en'} responded 402: {"status":"failure", "code":402,"message":"Your daily points limit of 50 has been reached. Please upgrade your plan to continue using the API."}
WorldNewsAPI {'language': 'en'} responded 402: {"status":"failure", "code":402,"message":"Your daily points limit of 50 has been reached. Please upgrade your plan to continue using the API."}
WorldNewsAPI {'source-country': 'kz'} responded 402: {"status":"failure", "code":402,"message":"Your daily points limit of 50 has been reached. Please upgrade your plan to continue using the API."}
WorldNewsAPI {'language': 'kk'} responded 402: {"status":"failure", "code":402,"message":"Your daily points limit of 50 has been reached. Please upgrade your plan to continue using the API."}
WorldNewsAPI {'language': 'en'} responded 402: {"status":"failure", "code":402,"message":"Your daily points limit of 50 has been reached. Please upgrade your plan to continue using the API."}
WorldNewsAPI {'source-country': 'kz'} responded 402: {"status":"failure", "code":402,"message":"Your daily points limit of 50 has been reached. Please upgrade your plan to continue using the API."}
WorldNewsAPI {'language': 'ru'} responded 402: {"status":"failure", "code":402,"message":"Your daily points limit of 50 has been reached. Please upgrade your plan to continue using the API."}
WorldNewsAPI {'language': 'ru'} responded 402: {"status":"failure", "code":402,"message":"Your daily points limit of 50 has been reached. Please upgrade your plan to continue using the API."}
WorldNewsAPI {'language': 'ru'} responded 402: {"status":"failure", "code":402,"message":"Your daily points limit of 50 has been reached. Please upgrade your plan to continue using the API."}
WorldNewsAPI {'language': 'kk'} responded 402: {"status":"failure", "code":402,"message":"Your daily points limit of 50 has been reached. Please upgrade your plan to continue using the API."}
WorldNewsAPI {'language': 'kk'} responded 402: {"status":"failure", "code":402,"message":"Your daily points limit of 50 has been reached. Please upgrade your plan to continue using the API."}
WorldNewsAPI {'language': 'kk'} responded 402: {"status":"failure", "code":402,"message":"Your daily points limit of 50 has been reached. Please upgrade your plan to continue using the API."}
WorldNewsAPI {'source-country': 'kz'} responded 402: {"status":"failure", "code":402,"message":"Your daily points limit of 50 has been reached. Please upgrade your plan to continue using the API."}
WorldNewsAPI {'source-country': 'kz'} responded 429: {"status":"failure", "code":429,"message":"Too many concurrent requests"}
WorldNewsAPI {'source-country': 'kz'} responded 402: {"status":"failure", "code":402,"message":"Your daily points limit of 50 has been reached. Please upgrade your plan to continue using the API."}
NewsAPI en responded 429: {"status":"error","code":"rateLimited","message":"You have made too many requests recently. Developer accounts are limited to 100 requests over a 24 hour period (50 requests available every 12 hours). Please upgrade to a paid plan if you need more requests."}
NewsAPI en responded 429: {"status":"error","code":"rateLimited","message":"You have made too many requests recently. Developer accounts are limited to 100 requests over a 24 hour period (50 requests available every 12 hours). Please upgrade to a paid plan if you need more requests."}
NewsAPI ru responded 429: {"status":"error","code":"rateLimited","message":"You have made too many requests recently. Developer accounts are limited to 100 requests over a 24 hour period (50 requests available every 12 hours). Please upgrade to a paid plan if you need more requests."}
NewsAPI ru responded 429: {"status":"error","code":"rateLimited","message":"You have made too many requests recently. Developer accounts are limited to 100 requests over a 24 hour period (50 requests available every 12 hours). Please upgrade to a paid plan if you need more requests."}
NewsAPI en responded 429: {"status":"error","code":"rateLimited","message":"You have made too many requests recently. Developer accounts are limited to 100 requests over a 24 hour period (50 requests available every 12 hours). Please upgrade to a paid plan if you need more requests."}
NewsAPI en responded 429: {"status":"error","code":"rateLimited","message":"You have made too many requests recently. Developer accounts are limited to 100 requests over a 24 hour period (50 requests available every 12 hours). Please upgrade to a paid plan if you need more requests."}
NewsAPI en responded 429: {"status":"error","code":"rateLimited","message":"You have made too many requests recently. Developer accounts are limited to 100 requests over a 24 hour period (50 requests available every 12 hours). Please upgrade to a paid plan if you need more requests."}
NewsAPI ru responded 429: {"status":"error","code":"rateLimited","message":"You have made too many requests recently. Developer accounts are limited to 100 requests over a 24 hour period (50 requests available every 12 hours). Please upgrade to a paid plan if you need more requests."}
NewsAPI ru responded 429: {"status":"error","code":"rateLimited","message":"You have made too many requests recently. Developer accounts are limited to 100 requests over a 24 hour period (50 requests available every 12 hours). Please upgrade to a paid plan if you need more requests."}
NewsAPI ru responded 429: {"status":"error","code":"rateLimited","message":"You have made too many requests recently. Developer accounts are limited to 100 requests over a 24 hour period (50 requests available every 12 hours). Please upgrade to a paid plan if you need more requests."}
NewsAPI en responded 429: {"status":"error","code":"rateLimited","message":"You have made too many requests recently. Developer accounts are limited to 100 requests over a 24 hour period (50 requests available every 12 hours). Please upgrade to a paid plan if you need more requests."}
NewsAPI en responded 429: {"status":"error","code":"rateLimited","message":"You have made too many requests recently. Developer accounts are limited to 100 requests over a 24 hour period (50 requests available every 12 hours). Please upgrade to a paid plan if you need more requests."}
NewsAPI ru responded 429: {"status":"error","code":"rateLimited","message":"You have made too many requests recently. Developer accounts are limited to 100 requests over a 24 hour period (50 requests available every 12 hours). Please upgrade to a paid plan if you need more requests."}
SerpAPI en/us responded 429: {
  "error": "Your account has run out of searches."
}
NewsAPI en responded 429: {"status":"error","code":"rateLimited","message":"You have made too many requests recently. Developer accounts are limited to 100 requests over a 24 hour period (50 requests available every 12 hours). Please upgrade to a paid plan if you need more requests."}
SerpAPI en/us responded 429: {
  "error": "Your account has run out of searches."
}
SerpAPI en/us responded 429: {
  "error": "Your account has run out of searches."
}
NewsAPI ru responded 429: {"status":"error","code":"rateLimited","message":"You have made too many requests recently. Developer accounts are limited to 100 requests over a 24 hour period (50 requests available every 12 hours). Please upgrade to a paid plan if you need more requests."}
SerpAPI ru/ru responded 429: {
  "error": "Your account has run out of searches."
}
NewsAPI ru responded 429: {"status":"error","code":"rateLimited","message":"You have made too many requests recently. Developer accounts are limited to 100 requests over a 24 hour period (50 requests available every 12 hours). Please upgrade to a paid plan if you need more requests."}
SerpAPI en/us responded 429: {
  "error": "Your account has run out of searches."
}
SerpAPI ru/ru responded 429: {
  "error": "Your account has run out of searches."
}
SerpAPI ru/ru responded 429: {
  "error": "Your account has run out of searches."
}
NewsAPI en responded 429: {"status":"error","code":"rateLimited","message":"You have made too many requests recently. Developer accounts are limited to 100 requests over a 24 hour period (50 requests available every 12 hours). Please upgrade to a paid plan if you need more requests."}
SerpAPI en/us responded 429: {
  "error": "Your account has run out of searches."
}
SerpAPI ru/ru responded 429: {
  "error": "Your account has run out of searches."
}
NewsAPI ru responded 429: {"status":"error","code":"rateLimited","message":"You have made too many requests recently. Developer accounts are limited to 100 requests over a 24 hour period (50 requests available every 12 hours). Please upgrade to a paid plan if you need more requests."}
SerpAPI ru/ru responded 429: {
  "error": "Your account has run out of searches."
}
NewsAPI en responded 429: {"status":"error","code":"rateLimited","message":"You have made too many requests recently. Developer accounts are limited to 100 requests over a 24 hour period (50 requests available every 12 hours). Please upgrade to a paid plan if you need more requests."}
SerpAPI en/us responded 429: {
  "error": "Your account has run out of searches."
}
SerpAPI en/us responded 429: {
  "error": "Your account has run out of searches."
}
NewsAPI en responded 429: {"status":"error","code":"rateLimited","message":"You have made too many requests recently. Developer accounts are limited to 100 requests over a 24 hour period (50 requests available every 12 hours). Please upgrade to a paid plan if you need more requests."}
NewsAPI ru responded 429: {"status":"error","code":"rateLimited","message":"You have made too many requests recently. Developer accounts are limited to 100 requests over a 24 hour period (50 requests available every 12 hours). Please upgrade to a paid plan if you need more requests."}
SerpAPI ru/ru responded 429: {
  "error": "Your account has run out of searches."
}
SerpAPI ru/ru responded 429: {
  "error": "Your account has run out of searches."
}
NewsAPI ru responded 429: {"status":"error","code":"rateLimited","message":"You have made too many requests recently. Developer accounts are limited to 100 requests over a 24 hour period (50 requests available every 12 hours). Please upgrade to a paid plan if you need more requests."}
SerpAPI en/us responded 429: {
  "error": "Your account has run out of searches."
}
NewsAPI en responded 429: {"status":"error","code":"rateLimited","message":"You have made too many requests recently. Developer accounts are limited to 100 requests over a 24 hour period (50 requests available every 12 hours). Please upgrade to a paid plan if you need more requests."}
NewsAPI en responded 429: {"status":"error","code":"rateLimited","message":"You have made too many requests recently. Developer accounts are limited to 100 requests over a 24 hour period (50 requests available every 12 hours). Please upgrade to a paid plan if you need more requests."}
SerpAPI ru/ru responded 429: {
  "error": "Your account has run out of searches."
}
NewsAPI ru responded 429: {"status":"error","code":"rateLimited","message":"You have made too many requests recently. Developer accounts are limited to 100 requests over a 24 hour period (50 requests available every 12 hours). Please upgrade to a paid plan if you need more requests."}
SerpAPI en/us responded 429: {
  "error": "Your account has run out of searches."
}
NewsAPI ru responded 429: {"status":"error","code":"rateLimited","message":"You have made too many requests recently. Developer accounts are limited to 100 requests over a 24 hour period (50 requests available every 12 hours). Please upgrade to a paid plan if you need more requests."}
SerpAPI en/us responded 429: {
  "error": "Your account has run out of searches."
}
NewsAPI en responded 429: {"status":"error","code":"rateLimited","message":"You have made too many requests recently. Developer accounts are limited to 100 requests over a 24 hour period (50 requests available every 12 hours). Please upgrade to a paid plan if you need more requests."}
SerpAPI ru/ru responded 429: {
  "error": "Your account has run out of searches."
}
NewsAPI en responded 429: {"status":"error","code":"rateLimited","message":"You have made too many requests recently. Developer accounts are limited to 100 requests over a 24 hour period (50 requests available every 12 hours). Please upgrade to a paid plan if you need more requests."}
NewsAPI en responded 429: {"status":"error","code":"rateLimited","message":"You have made too many requests recently. Developer accounts are limited to 100 requests over a 24 hour period (50 requests available every 12 hours). Please upgrade to a paid plan if you need more requests."}
NewsAPI ru responded 429: {"status":"error","code":"rateLimited","message":"You have made too many requests recently. Developer accounts are limited to 100 requests over a 24 hour period (50 requests available every 12 hours). Please upgrade to a paid plan if you need more requests."}
SerpAPI en/us responded 429: {
  "error": "Your account has run out of searches."
}
SerpAPI ru/ru responded 429: {
  "error": "Your account has run out of searches."
}
NewsAPI ru responded 429: {"status":"error","code":"rateLimited","message":"You have made too many requests recently. Developer accounts are limited to 100 requests over a 24 hour period (50 requests available every 12 hours). Please upgrade to a paid plan if you need more requests."}
NewsAPI ru responded 429: {"status":"error","code":"rateLimited","message":"You have made too many requests recently. Developer accounts are limited to 100 requests over a 24 hour period (50 requests available every 12 hours). Please upgrade to a paid plan if you need more requests."}
SerpAPI ru/ru responded 429: {
  "error": "Your account has run out of searches."
}
SerpAPI en/us responded 429: {
  "error": "Your account has run out of searches."
}
NewsAPI en responded 429: {"status":"error","code":"rateLimited","message":"You have made too many requests recently. Developer accounts are limited to 100 requests over a 24 hour period (50 requests available every 12 hours). Please upgrade to a paid plan if you need more requests."}
SerpAPI en/us responded 429: {
  "error": "Your account has run out of searches."
}
NewsAPI ru responded 429: {"status":"error","code":"rateLimited","message":"You have made too many requests recently. Developer accounts are limited to 100 requests over a 24 hour period (50 requests available every 12 hours). Please upgrade to a paid plan if you need more requests."}
SerpAPI ru/ru responded 429: {
  "error": "Your account has run out of searches."
}
SerpAPI ru/ru responded 429: {
  "error": "Your account has run out of searches."
}
NewsAPI en responded 429: {"status":"error","code":"rateLimited","message":"You have made too many requests recently. Developer accounts are limited to 100 requests over a 24 hour period (50 requests available every 12 hours). Please upgrade to a paid plan if you need more requests."}
SerpAPI en/us responded 429: {
  "error": "Your account has run out of searches."
}
SerpAPI ru/ru responded 429: {
  "error": "Your account has run out of searches."
}
NewsAPI ru responded 429: {"status":"error","code":"rateLimited","message":"You have made too many requests recently. Developer accounts are limited to 100 requests over a 24 hour period (50 requests available every 12 hours). Please upgrade to a paid plan if you need more requests."}
SerpAPI en/us responded 429: {
  "error": "Your account has run out of searches."
}
SerpAPI en/us responded 429: {
  "error": "Your account has run out of searches."
}
SerpAPI ru/ru responded 429: {
  "error": "Your account has run out of searches."
}
SerpAPI ru/ru responded 429: {
  "error": "Your account has run out of searches."
}
SerpAPI en/us responded 429: {
  "error": "Your account has run out of searches."
}
SerpAPI ru/ru responded 429: {
  "error": "Your account has run out of searches."
}
SerpAPI en/us responded 429: {
  "error": "Your account has run out of searches."
}
SerpAPI ru/ru responded 429: {
  "error": "Your account has run out of searches."
}
WorldNewsAPI {'language': 'en'} responded 402: {"status":"failure", "code":402,"message":"Your daily points limit of 50 has been reached. Please upgrade your plan to continue using the API."}
WorldNewsAPI {'language': 'en'} responded 429: {"status":"failure", "code":429,"message":"Too many concurrent requests"}
WorldNewsAPI {'language': 'en'} responded 402: {"status":"failure", "code":402,"message":"Your daily points limit of 50 has been reached. Please upgrade your plan to continue using the API."}
WorldNewsAPI {'language': 'ru'} responded 402: {"status":"failure", "code":402,"message":"Your daily points limit of 50 has been reached. Please upgrade your plan to continue using the API."}
WorldNewsAPI {'language': 'ru'} responded 402: {"status":"failure", "code":402,"message":"Your daily points limit of 50 has been reached. Please upgrade your plan to continue using the API."}
WorldNewsAPI {'language': 'ru'} responded 402: {"status":"failure", "code":402,"message":"Your daily points limit of 50 has been reached. Please upgrade your plan to continue using the API."}
WorldNewsAPI {'language': 'kk'} responded 429: {"status":"failure", "code":429,"message":"Too many concurrent requests"}
WorldNewsAPI {'language': 'kk'} responded 402: {"status":"failure", "code":402,"message":"Your daily points limit of 50 has been reached. Please upgrade your plan to continue using the API."}
WorldNewsAPI {'language': 'kk'} responded 402: {"status":"failure", "code":402,"message":"Your daily points limit of 50 has been reached. Please upgrade your plan to continue using the API."}
WorldNewsAPI {'source-country': 'kz'} responded 402: {"status":"failure", "code":402,"message":"Your daily points limit of 50 has been reached. Please upgrade your plan to continue using the API."}
WorldNewsAPI {'source-country': 'kz'} responded 402: {"status":"failure", "code":402,"message":"Your daily points limit of 50 has been reached. Please upgrade your plan to continue using the API."}
WorldNewsAPI {'source-country': 'kz'} responded 402: {"status":"failure", "code":402,"message":"Your daily points limit of 50 has been reached. Please upgrade your plan to continue using the API."}
WorldNewsAPI {'language': 'en'} responded 402: {"status":"failure", "code":402,"message":"Your daily points limit of 50 has been reached. Please upgrade your plan to continue using the API."}
WorldNewsAPI {'language': 'en'} responded 402: {"status":"failure", "code":402,"message":"Your daily points limit of 50 has been reached. Please upgrade your plan to continue using the API."}
WorldNewsAPI {'language': 'ru'} responded 402: {"status":"failure", "code":402,"message":"Your daily points limit of 50 has been reached. Please upgrade your plan to continue using the API."}
WorldNewsAPI {'language': 'kk'} responded 402: {"status":"failure", "code":402,"message":"Your daily points limit of 50 has been reached. Please upgrade your plan to continue using the API."}
WorldNewsAPI {'language': 'ru'} responded 402: {"status":"failure", "code":402,"message":"Your daily points limit of 50 has been reached. Please upgrade your plan to continue using the API."}
WorldNewsAPI {'source-country': 'kz'} responded 402: {"status":"failure", "code":402,"message":"Your daily points limit of 50 has been reached. Please upgrade your plan to continue using the API."}
WorldNewsAPI {'language': 'kk'} responded 402: {"status":"failure", "code":402,"message":"Your daily points limit of 50 has been reached. Please upgrade your plan to continue using the API."}
WorldNewsAPI {'source-country': 'kz'} responded 402: {"status":"failure", "code":402,"message":"Your daily points limit of 50 has been reached. Please upgrade your plan to continue using the API."}
WorldNewsAPI {'language': 'en'} responded 402: {"status":"failure", "code":402,"message":"Your daily points limit of 50 has been reached. Please upgrade your plan to continue using the API."}
WorldNewsAPI {'language': 'ru'} responded 402: {"status":"failure", "code":402,"message":"Your daily points limit of 50 has been reached. Please upgrade your plan to continue using the API."}
WorldNewsAPI {'language': 'kk'} responded 402: {"status":"failure", "code":402,"message":"Your daily points limit of 50 has been reached. Please upgrade your plan to continue using the API."}
WorldNewsAPI {'source-country': 'kz'} responded 402: {"status":"failure", "code":402,"message":"Your daily points limit of 50 has been reached. Please upgrade your plan to continue using the API."}
WorldNewsAPI {'language': 'en'} responded 402: {"status":"failure", "code":402,"message":"Your daily points limit of 50 has been reached. Please upgrade your plan to continue using the API."}
WorldNewsAPI {'language': 'en'} responded 402: {"status":"failure", "code":402,"message":"Your daily points limit of 50 has been reached. Please upgrade your plan to continue using the API."}
WorldNewsAPI {'language': 'ru'} responded 402: {"status":"failure", "code":402,"message":"Your daily points limit of 50 has been reached. Please upgrade your plan to continue using the API."}
WorldNewsAPI {'language': 'kk'} responded 402: {"status":"failure", "code":402,"message":"Your daily points limit of 50 has been reached. Please upgrade your plan to continue using the API."}
WorldNewsAPI {'language': 'en'} responded 402: {"status":"failure", "code":402,"message":"Your daily points limit of 50 has been reached. Please upgrade your plan to continue using the API."}
WorldNewsAPI {'language': 'ru'} responded 402: {"status":"failure", "code":402,"message":"Your daily points limit of 50 has been reached. Please upgrade your plan to continue using the API."}
WorldNewsAPI {'language': 'kk'} responded 429: {"status":"failure", "code":429,"message":"Too many concurrent requests"}
WorldNewsAPI {'source-country': 'kz'} responded 402: {"status":"failure", "code":402,"message":"Your daily points limit of 50 has been reached. Please upgrade your plan to continue using the API."}
WorldNewsAPI {'language': 'ru'} responded 402: {"status":"failure", "code":402,"message":"Your daily points limit of 50 has been reached. Please upgrade your plan to continue using the API."}
WorldNewsAPI {'source-country': 'kz'} responded 429: {"status":"failure", "code":429,"message":"Too many concurrent requests"}
WorldNewsAPI {'language': 'kk'} responded 402: {"status":"failure", "code":402,"message":"Your daily points limit of 50 has been reached. Please upgrade your plan to continue using the API."}
WorldNewsAPI {'source-country': 'kz'} responded 402: {"status":"failure", "code":402,"message":"Your daily points limit of 50 has been reached. Please upgrade your plan to continue using the API."}
WorldNewsAPI {'language': 'en'} responded 402: {"status":"failure", "code":402,"message":"Your daily points limit of 50 has been reached. Please upgrade your plan to continue using the API."}
WorldNewsAPI {'language': 'en'} responded 402: {"status":"failure", "code":402,"message":"Your daily points limit of 50 has been reached. Please upgrade your plan to continue using the API."}
WorldNewsAPI {'language': 'en'} responded 402: {"status":"failure", "code":402,"message":"Your daily points limit of 50 has been reached. Please upgrade your plan to continue using the API."}
WorldNewsAPI {'language': 'ru'} responded 429: {"status":"failure", "code":429,"message":"Too many concurrent requests"}
WorldNewsAPI {'language': 'ru'} responded 402: {"status":"failure", "code":402,"message":"Your daily points limit of 50 has been reached. Please upgrade your plan to continue using the API."}
WorldNewsAPI {'language': 'ru'} responded 402: {"status":"failure", "code":402,"message":"Your daily points limit of 50 has been reached. Please upgrade your plan to continue using the API."}
WorldNewsAPI {'language': 'kk'} responded 402: {"status":"failure", "code":402,"message":"Your daily points limit of 50 has been reached. Please upgrade your plan to continue using the API."}
WorldNewsAPI {'language': 'kk'} responded 402: {"status":"failure", "code":402,"message":"Your daily points limit of 50 has been reached. Please upgrade your plan to continue using the API."}
WorldNewsAPI {'language': 'kk'} responded 402: {"status":"failure", "code":402,"message":"Your daily points limit of 50 has been reached. Please upgrade your plan to continue using the API."}
WorldNewsAPI {'source-country': 'kz'} responded 402: {"status":"failure", "code":402,"message":"Your daily points limit of 50 has been reached. Please upgrade your plan to continue using the API."}
WorldNewsAPI {'source-country': 'kz'} responded 402: {"status":"failure", "code":402,"message":"Your daily points limit of 50 has been reached. Please upgrade your plan to continue using the API."}
WorldNewsAPI {'source-country': 'kz'} responded 402: {"status":"failure", "code":402,"message":"Your daily points limit of 50 has been reached. Please upgrade your plan to continue using the API."}
WorldNewsAPI {'language': 'en'} responded 402: {"status":"failure", "code":402,"message":"Your daily points limit of 50 has been reached. Please upgrade your plan to continue using the API."}
WorldNewsAPI {'language': 'ru'} responded 402: {"status":"failure", "code":402,"message":"Your daily points limit of 50 has been reached. Please upgrade your plan to continue using the API."}
WorldNewsAPI {'language': 'en'} responded 402: {"status":"failure", "code":402,"message":"Your daily points limit of 50 has been reached. Please upgrade your plan to continue using the API."}
WorldNewsAPI {'language': 'en'} responded 402: {"status":"failure", "code":402,"message":"Your daily points limit of 50 has been reached. Please upgrade your plan to continue using the API."}
WorldNewsAPI {'language': 'ru'} responded 402: {"status":"failure", "code":402,"message":"Your daily points limit of 50 has been reached. Please upgrade your plan to continue using the API."}
WorldNewsAPI {'language': 'kk'} responded 402: {"status":"failure", "code":402,"message":"Your daily points limit of 50 has been reached. Please upgrade your plan to continue using the API."}
WorldNewsAPI {'language': 'ru'} responded 402: {"status":"failure", "code":402,"message":"Your daily points limit of 50 has been reached. Please upgrade your plan to continue using the API."}
WorldNewsAPI {'language': 'kk'} responded 402: {"status":"failure", "code":402,"message":"Your daily points limit of 50 has been reached. Please upgrade your plan to continue using the API."}
WorldNewsAPI {'language': 'kk'} responded 402: {"status":"failure", "code":402,"message":"Your daily points limit of 50 has been reached. Please upgrade your plan to continue using the API."}
WorldNewsAPI {'source-country': 'kz'} responded 402: {"status":"failure", "code":402,"message":"Your daily points limit of 50 has been reached. Please upgrade your plan to continue using the API."}
WorldNewsAPI {'source-country': 'kz'} responded 402: {"status":"failure", "code":402,"message":"Your daily points limit of 50 has been reached. Please upgrade your plan to continue using the API."}
WorldNewsAPI {'source-country': 'kz'} responded 402: {"status":"failure", "code":402,"message":"Your daily points limit of 50 has been reached. Please upgrade your plan to continue using the API."}
WorldNewsAPI {'language': 'en'} responded 402: {"status":"failure", "code":402,"message":"Your daily points limit of 50 has been reached. Please upgrade your plan to continue using the API."}
WorldNewsAPI {'language': 'en'} responded 402: {"status":"failure", "code":402,"message":"Your daily points limit of 50 has been reached. Please upgrade your plan to continue using the API."}
WorldNewsAPI {'language': 'en'} responded 402: {"status":"failure", "code":402,"message":"Your daily points limit of 50 has been reached. Please upgrade your plan to continue using the API."}
WorldNewsAPI {'language': 'ru'} responded 402: {"status":"failure", "code":402,"message":"Your daily points limit of 50 has been reached. Please upgrade your plan to continue using the API."}
WorldNewsAPI {'language': 'ru'} responded 402: {"status":"failure", "code":402,"message":"Your daily points limit of 50 has been reached. Please upgrade your plan to continue using the API."}
WorldNewsAPI {'language': 'kk'} responded 402: {"status":"failure", "code":402,"message":"Your daily points limit of 50 has been reached. Please upgrade your plan to continue using the API."}
WorldNewsAPI {'language': 'kk'} responded 402: {"status":"failure", "code":402,"message":"Your daily points limit of 50 has been reached. Please upgrade your plan to continue using the API."}
WorldNewsAPI {'source-country': 'kz'} responded 402: {"status":"failure", "code":402,"message":"Your daily points limit of 50 has been reached. Please upgrade your plan to continue using the API."}
WorldNewsAPI {'source-country': 'kz'} responded 402: {"status":"failure", "code":402,"message":"Your daily points limit of 50 has been reached. Please upgrade your plan to continue using the API."}
WorldNewsAPI {'language': 'ru'} responded 402: {"status":"failure", "code":402,"message":"Your daily points limit of 50 has been reached. Please upgrade your plan to continue using the API."}
WorldNewsAPI {'language': 'kk'} responded 402: {"status":"failure", "code":402,"message":"Your daily points limit of 50 has been reached. Please upgrade your plan to continue using the API."}
WorldNewsAPI {'source-country': 'kz'} responded 402: {"status":"failure", "code":402,"message":"Your daily points limit of 50 has been reached. Please upgrade your plan to continue using the API."}
WARNING:  WatchFiles detected changes in 'app\services\topic_service.py'. Reloading...
INFO:     Shutting down
INFO:     Waiting for connections to close. (CTRL+C to force quit)
INFO:     Waiting for application shutdown.
INFO:     Application shutdown complete.
INFO:     Finished server process [16864]
WARNING:  WatchFiles detected changes in 'app\api\routes\topics.py', 'app\services\topic_service.py'. Reloading...
INFO:     Started server process [21044]
INFO:     Waiting for application startup.
ERROR:    Traceback (most recent call last):
  File "C:\Users\Nurasyl\AppData\Local\Programs\Python\Python312\Lib\asyncio\runners.py", line 118, in run
    return self._loop.run_until_complete(task)
           ^^^^^^^^^^^^^^^^^^^^^^^^^^^^^^^^^^^
  File "C:\Users\Nurasyl\AppData\Local\Programs\Python\Python312\Lib\asyncio\base_events.py", line 687, in run_until_complete
    return future.result()
           ^^^^^^^^^^^^^^^
  File "C:\Users\Nurasyl\AppData\Local\Programs\Python\Python312\Lib\site-packages\uvicorn\server.py", line 79, in serve
    await self.startup(sockets=sockets)
  File "C:\Users\Nurasyl\AppData\Local\Programs\Python\Python312\Lib\site-packages\uvicorn\server.py", line 90, in startup
    await self.lifespan.startup()
  File "C:\Users\Nurasyl\AppData\Local\Programs\Python\Python312\Lib\site-packages\uvicorn\lifespan\on.py", line 54, in startup
    await self.startup_event.wait()
  File "C:\Users\Nurasyl\AppData\Local\Programs\Python\Python312\Lib\asyncio\locks.py", line 212, in wait
    await fut
asyncio.exceptions.CancelledError

During handling of the above exception, another exception occurred:

Traceback (most recent call last):
  File "C:\Users\Nurasyl\AppData\Local\Programs\Python\Python312\Lib\asyncio\runners.py", line 194, in run
    return runner.run(main)
           ^^^^^^^^^^^^^^^^
  File "C:\Users\Nurasyl\AppData\Local\Programs\Python\Python312\Lib\asyncio\runners.py", line 123, in run
    raise KeyboardInterrupt()
KeyboardInterrupt

During handling of the above exception, another exception occurred:

Traceback (most recent call last):
  File "C:\Users\Nurasyl\AppData\Local\Programs\Python\Python312\Lib\site-packages\starlette\routing.py", line 747, in lifespan
    await receive()
  File "C:\Users\Nurasyl\AppData\Local\Programs\Python\Python312\Lib\site-packages\uvicorn\lifespan\on.py", line 137, in receive
    return await self.receive_queue.get()
           ^^^^^^^^^^^^^^^^^^^^^^^^^^^^^^
  File "C:\Users\Nurasyl\AppData\Local\Programs\Python\Python312\Lib\asyncio\queues.py", line 158, in get
    await getter
asyncio.exceptions.CancelledError

Process SpawnProcess-2:
Traceback (most recent call last):
  File "C:\Users\Nurasyl\AppData\Local\Programs\Python\Python312\Lib\asyncio\runners.py", line 118, in run
    return self._loop.run_until_complete(task)
           ^^^^^^^^^^^^^^^^^^^^^^^^^^^^^^^^^^^
  File "C:\Users\Nurasyl\AppData\Local\Programs\Python\Python312\Lib\asyncio\base_events.py", line 687, in run_until_complete
    return future.result()
           ^^^^^^^^^^^^^^^
  File "C:\Users\Nurasyl\AppData\Local\Programs\Python\Python312\Lib\site-packages\uvicorn\server.py", line 79, in serve
    await self.startup(sockets=sockets)
  File "C:\Users\Nurasyl\AppData\Local\Programs\Python\Python312\Lib\site-packages\uvicorn\server.py", line 90, in startup
    await self.lifespan.startup()
  File "C:\Users\Nurasyl\AppData\Local\Programs\Python\Python312\Lib\site-packages\uvicorn\lifespan\on.py", line 54, in startup
    await self.startup_event.wait()
  File "C:\Users\Nurasyl\AppData\Local\Programs\Python\Python312\Lib\asyncio\locks.py", line 212, in wait
    await fut
asyncio.exceptions.CancelledError

During handling of the above exception, another exception occurred:

Traceback (most recent call last):
  File "C:\Users\Nurasyl\AppData\Local\Programs\Python\Python312\Lib\multiprocessing\process.py", line 314, in _bootstrap
    self.run()
  File "C:\Users\Nurasyl\AppData\Local\Programs\Python\Python312\Lib\multiprocessing\process.py", line 108, in run
    self._target(*self._args, **self._kwargs)
  File "C:\Users\Nurasyl\AppData\Local\Programs\Python\Python312\Lib\site-packages\uvicorn\_subprocess.py", line 78, in subprocess_started
    target(sockets=sockets)
  File "C:\Users\Nurasyl\AppData\Local\Programs\Python\Python312\Lib\site-packages\uvicorn\server.py", line 62, in run
    return asyncio.run(self.serve(sockets=sockets))
           ^^^^^^^^^^^^^^^^^^^^^^^^^^^^^^^^^^^^^^^^
  File "C:\Users\Nurasyl\AppData\Local\Programs\Python\Python312\Lib\asyncio\runners.py", line 194, in run
    return runner.run(main)
           ^^^^^^^^^^^^^^^^
  File "C:\Users\Nurasyl\AppData\Local\Programs\Python\Python312\Lib\asyncio\runners.py", line 123, in run
    raise KeyboardInterrupt()
KeyboardInterrupt
INFO:     Started server process [22016]
INFO:     Waiting for application startup.
INFO:     Application startup complete.
WARNING:  WatchFiles detected changes in 'app\services\topic_service.py'. Reloading...
INFO:     Shutting down
INFO:     Waiting for application shutdown.
INFO:     Application shutdown complete.
INFO:     Finished server process [22016]
WARNING:  WatchFiles detected changes in 'app\services\topic_service.py'. Reloading...
INFO:     Started server process [21440]
INFO:     Waiting for application startup.
ERROR:    Traceback (most recent call last):
  File "C:\Users\Nurasyl\AppData\Local\Programs\Python\Python312\Lib\asyncio\runners.py", line 118, in run
    return self._loop.run_until_complete(task)
           ^^^^^^^^^^^^^^^^^^^^^^^^^^^^^^^^^^^
  File "C:\Users\Nurasyl\AppData\Local\Programs\Python\Python312\Lib\asyncio\base_events.py", line 687, in run_until_complete
    return future.result()
           ^^^^^^^^^^^^^^^
  File "C:\Users\Nurasyl\AppData\Local\Programs\Python\Python312\Lib\site-packages\uvicorn\server.py", line 79, in serve
    await self.startup(sockets=sockets)
  File "C:\Users\Nurasyl\AppData\Local\Programs\Python\Python312\Lib\site-packages\uvicorn\server.py", line 90, in startup
    await self.lifespan.startup()
  File "C:\Users\Nurasyl\AppData\Local\Programs\Python\Python312\Lib\site-packages\uvicorn\lifespan\on.py", line 54, in startup
    await self.startup_event.wait()
  File "C:\Users\Nurasyl\AppData\Local\Programs\Python\Python312\Lib\asyncio\locks.py", line 212, in wait
    await fut
asyncio.exceptions.CancelledError

During handling of the above exception, another exception occurred:

Traceback (most recent call last):
  File "C:\Users\Nurasyl\AppData\Local\Programs\Python\Python312\Lib\asyncio\runners.py", line 194, in run
    return runner.run(main)
           ^^^^^^^^^^^^^^^^
  File "C:\Users\Nurasyl\AppData\Local\Programs\Python\Python312\Lib\asyncio\runners.py", line 123, in run
    raise KeyboardInterrupt()
KeyboardInterrupt

During handling of the above exception, another exception occurred:

Traceback (most recent call last):
  File "C:\Users\Nurasyl\AppData\Local\Programs\Python\Python312\Lib\site-packages\starlette\routing.py", line 747, in lifespan
    await receive()
  File "C:\Users\Nurasyl\AppData\Local\Programs\Python\Python312\Lib\site-packages\uvicorn\lifespan\on.py", line 137, in receive
    return await self.receive_queue.get()
           ^^^^^^^^^^^^^^^^^^^^^^^^^^^^^^
  File "C:\Users\Nurasyl\AppData\Local\Programs\Python\Python312\Lib\asyncio\queues.py", line 158, in get
    await getter
asyncio.exceptions.CancelledError

Process SpawnProcess-4:
Traceback (most recent call last):
  File "C:\Users\Nurasyl\AppData\Local\Programs\Python\Python312\Lib\asyncio\runners.py", line 118, in run
    return self._loop.run_until_complete(task)
           ^^^^^^^^^^^^^^^^^^^^^^^^^^^^^^^^^^^
  File "C:\Users\Nurasyl\AppData\Local\Programs\Python\Python312\Lib\asyncio\base_events.py", line 687, in run_until_complete
    return future.result()
           ^^^^^^^^^^^^^^^
  File "C:\Users\Nurasyl\AppData\Local\Programs\Python\Python312\Lib\site-packages\uvicorn\server.py", line 79, in serve
    await self.startup(sockets=sockets)
  File "C:\Users\Nurasyl\AppData\Local\Programs\Python\Python312\Lib\site-packages\uvicorn\server.py", line 90, in startup
    await self.lifespan.startup()
  File "C:\Users\Nurasyl\AppData\Local\Programs\Python\Python312\Lib\site-packages\uvicorn\lifespan\on.py", line 54, in startup
    await self.startup_event.wait()
  File "C:\Users\Nurasyl\AppData\Local\Programs\Python\Python312\Lib\asyncio\locks.py", line 212, in wait
    await fut
asyncio.exceptions.CancelledError

During handling of the above exception, another exception occurred:

Traceback (most recent call last):
  File "C:\Users\Nurasyl\AppData\Local\Programs\Python\Python312\Lib\multiprocessing\process.py", line 314, in _bootstrap
    self.run()
  File "C:\Users\Nurasyl\AppData\Local\Programs\Python\Python312\Lib\multiprocessing\process.py", line 108, in run
    self._target(*self._args, **self._kwargs)
  File "C:\Users\Nurasyl\AppData\Local\Programs\Python\Python312\Lib\site-packages\uvicorn\_subprocess.py", line 78, in subprocess_started
    target(sockets=sockets)
  File "C:\Users\Nurasyl\AppData\Local\Programs\Python\Python312\Lib\site-packages\uvicorn\server.py", line 62, in run
    return asyncio.run(self.serve(sockets=sockets))
           ^^^^^^^^^^^^^^^^^^^^^^^^^^^^^^^^^^^^^^^^
  File "C:\Users\Nurasyl\AppData\Local\Programs\Python\Python312\Lib\asyncio\runners.py", line 194, in run
    return runner.run(main)
           ^^^^^^^^^^^^^^^^
  File "C:\Users\Nurasyl\AppData\Local\Programs\Python\Python312\Lib\asyncio\runners.py", line 123, in run
    raise KeyboardInterrupt()
KeyboardInterrupt
INFO:     Started server process [21048]
INFO:     Waiting for application startup.
INFO:     Application startup complete.
WARNING:  WatchFiles detected changes in 'app\services\topic_service.py'. Reloading...
INFO:     Shutting down
INFO:     Waiting for application shutdown.
INFO:     Application shutdown complete.
INFO:     Finished server process [21048]
WARNING:  WatchFiles detected changes in 'app\services\topic_service.py'. Reloading...
Process SpawnProcess-6:
Traceback (most recent call last):
  File "C:\Users\Nurasyl\AppData\Local\Programs\Python\Python312\Lib\multiprocessing\process.py", line 314, in _bootstrap
    self.run()
  File "C:\Users\Nurasyl\AppData\Local\Programs\Python\Python312\Lib\multiprocessing\process.py", line 108, in run
    self._target(*self._args, **self._kwargs)
  File "C:\Users\Nurasyl\AppData\Local\Programs\Python\Python312\Lib\site-packages\uvicorn\_subprocess.py", line 78, in subprocess_started
    target(sockets=sockets)
  File "C:\Users\Nurasyl\AppData\Local\Programs\Python\Python312\Lib\site-packages\uvicorn\server.py", line 62, in run
    return asyncio.run(self.serve(sockets=sockets))
           ^^^^^^^^^^^^^^^^^^^^^^^^^^^^^^^^^^^^^^^^
  File "C:\Users\Nurasyl\AppData\Local\Programs\Python\Python312\Lib\asyncio\runners.py", line 193, in run
    with Runner(debug=debug, loop_factory=loop_factory) as runner:
  File "C:\Users\Nurasyl\AppData\Local\Programs\Python\Python312\Lib\asyncio\runners.py", line 58, in __enter__
    self._lazy_init()
  File "C:\Users\Nurasyl\AppData\Local\Programs\Python\Python312\Lib\asyncio\runners.py", line 137, in _lazy_init
    self._loop = events.new_event_loop()
                 ^^^^^^^^^^^^^^^^^^^^^^^
  File "C:\Users\Nurasyl\AppData\Local\Programs\Python\Python312\Lib\asyncio\events.py", line 823, in new_event_loop
    return get_event_loop_policy().new_event_loop()
           ^^^^^^^^^^^^^^^^^^^^^^^^^^^^^^^^^^^^^^^^
  File "C:\Users\Nurasyl\AppData\Local\Programs\Python\Python312\Lib\asyncio\events.py", line 720, in new_event_loop
    return self._loop_factory()
           ^^^^^^^^^^^^^^^^^^^^
  File "C:\Users\Nurasyl\AppData\Local\Programs\Python\Python312\Lib\asyncio\selector_events.py", line 66, in __init__
    self._make_self_pipe()
  File "C:\Users\Nurasyl\AppData\Local\Programs\Python\Python312\Lib\asyncio\selector_events.py", line 120, in _make_self_pipe
    self._ssock, self._csock = socket.socketpair()
                               ^^^^^^^^^^^^^^^^^^^
  File "C:\Users\Nurasyl\AppData\Local\Programs\Python\Python312\Lib\socket.py", line 652, in socketpair
    lsock.close()
  File "C:\Users\Nurasyl\AppData\Local\Programs\Python\Python312\Lib\socket.py", line 505, in close
    self._real_close()
  File "C:\Users\Nurasyl\AppData\Local\Programs\Python\Python312\Lib\socket.py", line 499, in _real_close
    _ss.close(self)
KeyboardInterrupt
Exception ignored in: <function BaseEventLoop.__del__ at 0x000002267DBEEFC0>
Traceback (most recent call last):
  File "C:\Users\Nurasyl\AppData\Local\Programs\Python\Python312\Lib\asyncio\base_events.py", line 728, in __del__
    self.close()
  File "C:\Users\Nurasyl\AppData\Local\Programs\Python\Python312\Lib\asyncio\selector_events.py", line 104, in close
    self._close_self_pipe()
  File "C:\Users\Nurasyl\AppData\Local\Programs\Python\Python312\Lib\asyncio\selector_events.py", line 111, in _close_self_pipe
    self._remove_reader(self._ssock.fileno())
                        ^^^^^^^^^^^
AttributeError: '_WindowsSelectorEventLoop' object has no attribute '_ssock'
C:\Users\Nurasyl\AppData\Local\Programs\Python\Python312\Lib\multiprocessing\process.py:330: RuntimeWarning: coroutine 'Server.serve' was never awaited
  traceback.print_exc()
RuntimeWarning: Enable tracemalloc to get the object allocation traceback
INFO:     Started server process [21092]
INFO:     Waiting for application startup.
INFO:     Application startup complete.
WARNING:  WatchFiles detected changes in 'app\services\influencer_service.py'. Reloading...
INFO:     Shutting down
INFO:     Waiting for application shutdown.
INFO:     Application shutdown complete.
INFO:     Finished server process [21092]
INFO:     Started server process [22664]
INFO:     Waiting for application startup.
INFO:     Application startup complete.
WARNING:  WatchFiles detected changes in 'app\api\routes\influencers.py'. Reloading...
INFO:     Shutting down
INFO:     Waiting for connections to close. (CTRL+C to force quit)
INFO:     Waiting for application shutdown.
INFO:     Application shutdown complete.
INFO:     Finished server process [22664]
INFO:     Started server process [22024]
INFO:     Waiting for application startup.
INFO:     Application startup complete.
NewsAPI en responded 429: {"status":"error","code":"rateLimited","message":"You have made too many requests recently. Developer accounts are limited to 100 requests over a 24 hour period (50 requests available every 12 hours). Please upgrade to a paid plan if you need more requests."}
NewsAPI en responded 429: {"status":"error","code":"rateLimited","message":"You have made too many requests recently. Developer accounts are limited to 100 requests over a 24 hour period (50 requests available every 12 hours). Please upgrade to a paid plan if you need more requests."}
NewsAPI en responded 429: {"status":"error","code":"rateLimited","message":"You have made too many requests recently. Developer accounts are limited to 100 requests over a 24 hour period (50 requests available every 12 hours). Please upgrade to a paid plan if you need more requests."}
NewsAPI ru responded 429: {"status":"error","code":"rateLimited","message":"You have made too many requests recently. Developer accounts are limited to 100 requests over a 24 hour period (50 requests available every 12 hours). Please upgrade to a paid plan if you need more requests."}
NewsAPI ru responded 429: {"status":"error","code":"rateLimited","message":"You have made too many requests recently. Developer accounts are limited to 100 requests over a 24 hour period (50 requests available every 12 hours). Please upgrade to a paid plan if you need more requests."}
NewsAPI ru responded 429: {"status":"error","code":"rateLimited","message":"You have made too many requests recently. Developer accounts are limited to 100 requests over a 24 hour period (50 requests available every 12 hours). Please upgrade to a paid plan if you need more requests."}
NewsAPI en responded 429: {"status":"error","code":"rateLimited","message":"You have made too many requests recently. Developer accounts are limited to 100 requests over a 24 hour period (50 requests available every 12 hours). Please upgrade to a paid plan if you need more requests."}
NewsAPI en responded 429: {"status":"error","code":"rateLimited","message":"You have made too many requests recently. Developer accounts are limited to 100 requests over a 24 hour period (50 requests available every 12 hours). Please upgrade to a paid plan if you need more requests."}
NewsAPI ru responded 429: {"status":"error","code":"rateLimited","message":"You have made too many requests recently. Developer accounts are limited to 100 requests over a 24 hour period (50 requests available every 12 hours). Please upgrade to a paid plan if you need more requests."}
NewsAPI ru responded 429: {"status":"error","code":"rateLimited","message":"You have made too many requests recently. Developer accounts are limited to 100 requests over a 24 hour period (50 requests available every 12 hours). Please upgrade to a paid plan if you need more requests."}
NewsAPI en responded 429: {"status":"error","code":"rateLimited","message":"You have made too many requests recently. Developer accounts are limited to 100 requests over a 24 hour period (50 requests available every 12 hours). Please upgrade to a paid plan if you need more requests."}
NewsAPI en responded 429: {"status":"error","code":"rateLimited","message":"You have made too many requests recently. Developer accounts are limited to 100 requests over a 24 hour period (50 requests available every 12 hours). Please upgrade to a paid plan if you need more requests."}
NewsAPI en responded 429: {"status":"error","code":"rateLimited","message":"You have made too many requests recently. Developer accounts are limited to 100 requests over a 24 hour period (50 requests available every 12 hours). Please upgrade to a paid plan if you need more requests."}
NewsAPI en responded 429: {"status":"error","code":"rateLimited","message":"You have made too many requests recently. Developer accounts are limited to 100 requests over a 24 hour period (50 requests available every 12 hours). Please upgrade to a paid plan if you need more requests."}
NewsAPI ru responded 429: {"status":"error","code":"rateLimited","message":"You have made too many requests recently. Developer accounts are limited to 100 requests over a 24 hour period (50 requests available every 12 hours). Please upgrade to a paid plan if you need more requests."}
NewsAPI ru responded 429: {"status":"error","code":"rateLimited","message":"You have made too many requests recently. Developer accounts are limited to 100 requests over a 24 hour period (50 requests available every 12 hours). Please upgrade to a paid plan if you need more requests."}
NewsAPI ru responded 429: {"status":"error","code":"rateLimited","message":"You have made too many requests recently. Developer accounts are limited to 100 requests over a 24 hour period (50 requests available every 12 hours). Please upgrade to a paid plan if you need more requests."}
NewsAPI ru responded 429: {"status":"error","code":"rateLimited","message":"You have made too many requests recently. Developer accounts are limited to 100 requests over a 24 hour period (50 requests available every 12 hours). Please upgrade to a paid plan if you need more requests."}
NewsAPI en responded 429: {"status":"error","code":"rateLimited","message":"You have made too many requests recently. Developer accounts are limited to 100 requests over a 24 hour period (50 requests available every 12 hours). Please upgrade to a paid plan if you need more requests."}
NewsAPI en responded 429: {"status":"error","code":"rateLimited","message":"You have made too many requests recently. Developer accounts are limited to 100 requests over a 24 hour period (50 requests available every 12 hours). Please upgrade to a paid plan if you need more requests."}
NewsAPI en responded 429: {"status":"error","code":"rateLimited","message":"You have made too many requests recently. Developer accounts are limited to 100 requests over a 24 hour period (50 requests available every 12 hours). Please upgrade to a paid plan if you need more requests."}
NewsAPI en responded 429: {"status":"error","code":"rateLimited","message":"You have made too many requests recently. Developer accounts are limited to 100 requests over a 24 hour period (50 requests available every 12 hours). Please upgrade to a paid plan if you need more requests."}
NewsAPI ru responded 429: {"status":"error","code":"rateLimited","message":"You have made too many requests recently. Developer accounts are limited to 100 requests over a 24 hour period (50 requests available every 12 hours). Please upgrade to a paid plan if you need more requests."}
NewsAPI ru responded 429: {"status":"error","code":"rateLimited","message":"You have made too many requests recently. Developer accounts are limited to 100 requests over a 24 hour period (50 requests available every 12 hours). Please upgrade to a paid plan if you need more requests."}
NewsAPI ru responded 429: {"status":"error","code":"rateLimited","message":"You have made too many requests recently. Developer accounts are limited to 100 requests over a 24 hour period (50 requests available every 12 hours). Please upgrade to a paid plan if you need more requests."}
NewsAPI ru responded 429: {"status":"error","code":"rateLimited","message":"You have made too many requests recently. Developer accounts are limited to 100 requests over a 24 hour period (50 requests available every 12 hours). Please upgrade to a paid plan if you need more requests."}
NewsAPI en responded 429: {"status":"error","code":"rateLimited","message":"You have made too many requests recently. Developer accounts are limited to 100 requests over a 24 hour period (50 requests available every 12 hours). Please upgrade to a paid plan if you need more requests."}
NewsAPI en responded 429: {"status":"error","code":"rateLimited","message":"You have made too many requests recently. Developer accounts are limited to 100 requests over a 24 hour period (50 requests available every 12 hours). Please upgrade to a paid plan if you need more requests."}
NewsAPI ru responded 429: {"status":"error","code":"rateLimited","message":"You have made too many requests recently. Developer accounts are limited to 100 requests over a 24 hour period (50 requests available every 12 hours). Please upgrade to a paid plan if you need more requests."}
NewsAPI en responded 429: {"status":"error","code":"rateLimited","message":"You have made too many requests recently. Developer accounts are limited to 100 requests over a 24 hour period (50 requests available every 12 hours). Please upgrade to a paid plan if you need more requests."}
NewsAPI en responded 429: {"status":"error","code":"rateLimited","message":"You have made too many requests recently. Developer accounts are limited to 100 requests over a 24 hour period (50 requests available every 12 hours). Please upgrade to a paid plan if you need more requests."}
NewsAPI ru responded 429: {"status":"error","code":"rateLimited","message":"You have made too many requests recently. Developer accounts are limited to 100 requests over a 24 hour period (50 requests available every 12 hours). Please upgrade to a paid plan if you need more requests."}
NewsAPI ru responded 429: {"status":"error","code":"rateLimited","message":"You have made too many requests recently. Developer accounts are limited to 100 requests over a 24 hour period (50 requests available every 12 hours). Please upgrade to a paid plan if you need more requests."}
NewsAPI ru responded 429: {"status":"error","code":"rateLimited","message":"You have made too many requests recently. Developer accounts are limited to 100 requests over a 24 hour period (50 requests available every 12 hours). Please upgrade to a paid plan if you need more requests."}
NewsAPI en responded 429: {"status":"error","code":"rateLimited","message":"You have made too many requests recently. Developer accounts are limited to 100 requests over a 24 hour period (50 requests available every 12 hours). Please upgrade to a paid plan if you need more requests."}
Could not parse date: '1 день назад'
Could not parse date for article: https://tengrinews.kz/kazakhstan_news/astana-sogrevaetsya-almatyi-zalyut-dojdi-prognoz-vyihodnyie-59 (raw='1 день назад') — skipping
NewsAPI ru responded 429: {"status":"error","code":"rateLimited","message":"You have made too many requests recently. Developer accounts are limited to 100 requests over a 24 hour period (50 requests available every 12 hours). Please upgrade to a paid plan if you need more requests."}
Could not parse date: '9 февр. 2026 г.'
Could not parse date for article: https://frankmedia.ru/261160 (raw='9 февр. 2026 г.') — skipping
Could not parse date: '9 февр. 2026 г.'
Could not parse date for article: https://frankmedia.ru/261160 (raw='9 февр. 2026 г.') — skipping
Could not parse date: '1 день назад'
Could not parse date for article: https://forbes.kz/articles/zachem-erem-arutyunyan-perevodit-golovnoy-ofis-mechty-iz-astany-v-almaty- (raw='1 день назад') — skipping
Could not parse date: '1 день назад'
Could not parse date for article: https://www.zakon.kz/obshestvo/6514940-rezkoe-poteplenie-nagryanet-v-astanu-almaty-i-shymkent--progn (raw='1 день назад') — skipping
Could not parse date: '1 день назад'
Could not parse date for article: https://mitropolia.kz/news/eparchy/official/14212-mitropolit-aleksandr-provel-rabochee-soveshchanie- (raw='1 день назад') — skipping
Could not parse date: '1 день назад'
Could not parse date for article: https://zanmedia.kz/glava-gosudarstva-osobo-otmetil-rol/159534/ (raw='1 день назад') — skipping
Could not parse date: '3 февр. 2026 г.'
Could not parse date for article: https://matchtv.ru/edinoborstva/matchtvnews_NI2291746_Nepobezhdennyj_bojec_Rahmonov_iskluchen_iz_rej (raw='3 февр. 2026 г.') — skipping
Could not parse date: '9 февр. 2026 г.'
Could not parse date for article: https://frankmedia.ru/261160 (raw='9 февр. 2026 г.') — skipping
Could not parse date: '1 день назад'
Could not parse date for article: https://profashion.ru/business/finance/adidas-zarabotal-v-rossii-bolee-2-mlrd-rubley-vpervye-s-2022- (raw='1 день назад') — skipping
Could not parse date: '1 день назад'
Could not parse date for article: https://shoppers.media/news/27930_adidas-zarabotal-bolee-2-mlrd-rub-v-rossii-v-2025-g (raw='1 день назад') — skipping
WorldNewsAPI {'language': 'en'} responded 402: {"status":"failure", "code":402,"message":"Your daily points limit of 50 has been reached. Please upgrade your plan to continue using the API."}
WorldNewsAPI {'language': 'ru'} responded 402: {"status":"failure", "code":402,"message":"Your daily points limit of 50 has been reached. Please upgrade your plan to continue using the API."}
Could not parse date: '1 день назад'
Could not parse date for article: https://www.euro-football.ru/article/35/1006178177_habib_real_-_klub_moego_serdca (raw='1 день назад') — skipping
WorldNewsAPI {'language': 'kk'} responded 402: {"status":"failure", "code":402,"message":"Your daily points limit of 50 has been reached. Please upgrade your plan to continue using the API."}
Could not parse date: '1 день назад'
Could not parse date for article: https://valetudo.ru/mma/news/armana-tsarukyana-s-pozorom-vygnali-iz-samoleta-video (raw='1 день назад') — skipping
WorldNewsAPI {'source-country': 'kz'} responded 402: {"status":"failure", "code":402,"message":"Your daily points limit of 50 has been reached. Please upgrade your plan to continue using the API."}
Could not parse date: '1 день назад'
Could not parse date for article: https://profashion.ru/business/finance/adidas-zarabotal-v-rossii-bolee-2-mlrd-rubley-vpervye-s-2022- (raw='1 день назад') — skipping
Could not parse date: '1 день назад'
Could not parse date for article: https://shoppers.media/news/27930_adidas-zarabotal-bolee-2-mlrd-rub-v-rossii-v-2025-g (raw='1 день назад') — skipping
Could not parse date: '1 день назад'
Could not parse date for article: https://news.sportbox.ru/Vidy_sporta/UFC/spbnews_NI2315860_Bojca_UFC_Carukana_vysadili_iz_samoleta_v (raw='1 день назад') — skipping
Could not parse date: '1 день назад'
Could not parse date for article: https://allboxing.ru/news/20260417-1109/armana-carukyana-snyali-s-aviareysa-v-ssha (raw='1 день назад') — skipping
Could not parse date: '1 день назад'
Could not parse date for article: https://fighttime.ru/news/item/42059-armana-tsarukyana-vysadili-s-samoljota.html (raw='1 день назад') — skipping
WorldNewsAPI {'language': 'en'} responded 402: {"status":"failure", "code":402,"message":"Your daily points limit of 50 has been reached. Please upgrade your plan to continue using the API."}
WorldNewsAPI {'language': 'ru'} responded 402: {"status":"failure", "code":402,"message":"Your daily points limit of 50 has been reached. Please upgrade your plan to continue using the API."}
WorldNewsAPI {'language': 'en'} responded 402: {"status":"failure", "code":402,"message":"Your daily points limit of 50 has been reached. Please upgrade your plan to continue using the API."}
WorldNewsAPI {'language': 'en'} responded 402: {"status":"failure", "code":402,"message":"Your daily points limit of 50 has been reached. Please upgrade your plan to continue using the API."}
WorldNewsAPI {'language': 'en'} responded 402: {"status":"failure", "code":402,"message":"Your daily points limit of 50 has been reached. Please upgrade your plan to continue using the API."}
WorldNewsAPI {'language': 'kk'} responded 402: {"status":"failure", "code":402,"message":"Your daily points limit of 50 has been reached. Please upgrade your plan to continue using the API."}
WorldNewsAPI {'language': 'ru'} responded 402: {"status":"failure", "code":402,"message":"Your daily points limit of 50 has been reached. Please upgrade your plan to continue using the API."}
WorldNewsAPI {'language': 'ru'} responded 402: {"status":"failure", "code":402,"message":"Your daily points limit of 50 has been reached. Please upgrade your plan to continue using the API."}
WorldNewsAPI {'language': 'ru'} responded 402: {"status":"failure", "code":402,"message":"Your daily points limit of 50 has been reached. Please upgrade your plan to continue using the API."}
WorldNewsAPI {'source-country': 'kz'} responded 402: {"status":"failure", "code":402,"message":"Your daily points limit of 50 has been reached. Please upgrade your plan to continue using the API."}
WorldNewsAPI {'language': 'kk'} responded 402: {"status":"failure", "code":402,"message":"Your daily points limit of 50 has been reached. Please upgrade your plan to continue using the API."}
WorldNewsAPI {'language': 'kk'} responded 402: {"status":"failure", "code":402,"message":"Your daily points limit of 50 has been reached. Please upgrade your plan to continue using the API."}
WorldNewsAPI {'language': 'kk'} responded 402: {"status":"failure", "code":402,"message":"Your daily points limit of 50 has been reached. Please upgrade your plan to continue using the API."}
WorldNewsAPI {'source-country': 'kz'} responded 402: {"status":"failure", "code":402,"message":"Your daily points limit of 50 has been reached. Please upgrade your plan to continue using the API."}
WorldNewsAPI {'source-country': 'kz'} responded 402: {"status":"failure", "code":402,"message":"Your daily points limit of 50 has been reached. Please upgrade your plan to continue using the API."}
WorldNewsAPI {'source-country': 'kz'} responded 402: {"status":"failure", "code":402,"message":"Your daily points limit of 50 has been reached. Please upgrade your plan to continue using the API."}
Could not parse date: '1 день назад'
Could not parse date for article: https://baonghean.vn/ru/cristiano-ronaldo-va-di-san-bat-tu-ke-thong-tri-nhung-dem-champions-league-d (raw='1 день назад') — skipping
Could not parse date: '21 окт. 2025 г.'
Could not parse date for article: https://www.olympics.com/ru/news/futbol-krishtianu-ronaldu-statistika-golov-zabityh-portugalcem-po-k (raw='21 окт. 2025 г.') — skipping
Could not parse date: '13 окт. 2025 г.'
Could not parse date for article: https://ru.uefa.com/european-qualifiers/news/0253-0d820b46805f-b78ccae2c451-1000--what-uefa-records- (raw='13 окт. 2025 г.') — skipping
Could not parse date: '27 янв. 2026 г.'
Could not parse date for article: https://expert.ru/news/kitayskaya-anta-sports-kupit-29-aktsiy-puma/ (raw='27 янв. 2026 г.') — skipping
Could not parse date: '14 дек. 2025 г.'
Could not parse date for article: https://www.vedomosti.ru/business/news/2025/12/14/1163100-puma-zaregistrirovala (raw='14 дек. 2025 г.') — skipping
Could not parse date: '18 нояб. 2025 г.'
Could not parse date for article: https://adindex.ru/news/adyummy/2025/11/18/339285.phtml (raw='18 нояб. 2025 г.') — skipping
Could not parse date: '27 янв. 2026 г.'
Could not parse date for article: https://www.shoes-report.ru/news/kitayskaya_anta_sport_stala_krupneyshim_aktsionerom_puma/ (raw='27 янв. 2026 г.') — skipping
Could not parse date: '27 нояб. 2025 г.'
Could not parse date for article: https://www.retail.ru/news/novym-vladeltsem-nemetskogo-brenda-puma-mozhet-stat-kitayskaya-kompaniya- (raw='27 нояб. 2025 г.') — skipping
Could not parse date: '1 день назад'
Could not parse date for article: https://www.finam.ru/publications/item/aktsii-nike-rukhnuli-do-desyatiletnikh-minimumov-20260417-154 (raw='1 день назад') — skipping
Could not parse date: '1 день назад'
Could not parse date for article: https://ru.fashionnetwork.com/news/Rezkoye-padeniye-aktsiy-nike-zastavilo-uoll-strit-usomnit%CA%B9sy (raw='1 день назад') — skipping
Could not parse date: '27 нояб. 2025 г.'
Could not parse date for article: https://www.sostav.ru/publication/kitajskaya-anta-sports-mozhet-kupit-puma-79975.html (raw='27 нояб. 2025 г.') — skipping
SerpAPI request failed: 
Could not parse date: '1 день назад'
Could not parse date for article: https://sport24.ru/football/news-841828-matvey-kislyak-zaklyuchil-kontrakt-s-nike-v-13-let-no-dengi- (raw='1 день назад') — skipping
Could not parse date: '1 день назад'
Could not parse date for article: https://lapsha.media/feiky/samsung-protiv-messenger-max/ (raw='1 день назад') — skipping
WorldNewsAPI {'language': 'en'} responded 402: {"status":"failure", "code":402,"message":"Your daily points limit of 50 has been reached. Please upgrade your plan to continue using the API."}
WorldNewsAPI {'language': 'en'} responded 429: {"status":"failure", "code":429,"message":"Too many concurrent requests"}
WorldNewsAPI {'language': 'en'} responded 402: {"status":"failure", "code":402,"message":"Your daily points limit of 50 has been reached. Please upgrade your plan to continue using the API."}
Could not parse date: '12 февр. 2026 г.'
Could not parse date for article: https://skillbox.ru/media/design/nike-zapustil-brendirovannyy-poezd-all-conditions-express-k-perezap (raw='12 февр. 2026 г.') — skipping
Could not parse date: '1 день назад'
Could not parse date for article: https://sportandbets.com/novosti/matvey_kislyak_rasskazal_o_kontrakte_s_nike_v_13_let.html (raw='1 день назад') — skipping
WorldNewsAPI {'language': 'ru'} responded 402: {"status":"failure", "code":402,"message":"Your daily points limit of 50 has been reached. Please upgrade your plan to continue using the API."}
WorldNewsAPI {'language': 'ru'} responded 402: {"status":"failure", "code":402,"message":"Your daily points limit of 50 has been reached. Please upgrade your plan to continue using the API."}
WorldNewsAPI {'language': 'ru'} responded 402: {"status":"failure", "code":402,"message":"Your daily points limit of 50 has been reached. Please upgrade your plan to continue using the API."}
WorldNewsAPI {'language': 'kk'} responded 402: {"status":"failure", "code":402,"message":"Your daily points limit of 50 has been reached. Please upgrade your plan to continue using the API."}
WorldNewsAPI {'language': 'kk'} responded 402: {"status":"failure", "code":402,"message":"Your daily points limit of 50 has been reached. Please upgrade your plan to continue using the API."}
WorldNewsAPI {'language': 'kk'} responded 402: {"status":"failure", "code":402,"message":"Your daily points limit of 50 has been reached. Please upgrade your plan to continue using the API."}
Could not parse date: '1 день назад'
Could not parse date for article: https://www.securitylab.ru/news/571716.php (raw='1 день назад') — skipping
WorldNewsAPI {'source-country': 'kz'} responded 402: {"status":"failure", "code":402,"message":"Your daily points limit of 50 has been reached. Please upgrade your plan to continue using the API."}
WorldNewsAPI {'source-country': 'kz'} responded 402: {"status":"failure", "code":402,"message":"Your daily points limit of 50 has been reached. Please upgrade your plan to continue using the API."}
WorldNewsAPI {'source-country': 'kz'} responded 402: {"status":"failure", "code":402,"message":"Your daily points limit of 50 has been reached. Please upgrade your plan to continue using the API."}
WARNING:  WatchFiles detected changes in 'app\services\report_charts.py'. Reloading...
WorldNewsAPI {'language': 'en'} responded 402: {"status":"failure", "code":402,"message":"Your daily points limit of 50 has been reached. Please upgrade your plan to continue using the API."}
WorldNewsAPI {'language': 'en'} responded 402: {"status":"failure", "code":402,"message":"Your daily points limit of 50 has been reached. Please upgrade your plan to continue using the API."}
WorldNewsAPI {'language': 'ru'} responded 402: {"status":"failure", "code":402,"message":"Your daily points limit of 50 has been reached. Please upgrade your plan to continue using the API."}
WorldNewsAPI {'language': 'ru'} responded 402: {"status":"failure", "code":402,"message":"Your daily points limit of 50 has been reached. Please upgrade your plan to continue using the API."}
WorldNewsAPI {'language': 'kk'} responded 402: {"status":"failure", "code":402,"message":"Your daily points limit of 50 has been reached. Please upgrade your plan to continue using the API."}
WorldNewsAPI {'language': 'kk'} responded 429: {"status":"failure", "code":429,"message":"Too many concurrent requests"}
WorldNewsAPI {'source-country': 'kz'} responded 402: {"status":"failure", "code":402,"message":"Your daily points limit of 50 has been reached. Please upgrade your plan to continue using the API."}
WorldNewsAPI {'source-country': 'kz'} responded 402: {"status":"failure", "code":402,"message":"Your daily points limit of 50 has been reached. Please upgrade your plan to continue using the API."}
WorldNewsAPI {'language': 'en'} responded 402: {"status":"failure", "code":402,"message":"Your daily points limit of 50 has been reached. Please upgrade your plan to continue using the API."}
WorldNewsAPI {'language': 'ru'} responded 402: {"status":"failure", "code":402,"message":"Your daily points limit of 50 has been reached. Please upgrade your plan to continue using the API."}
WorldNewsAPI {'language': 'kk'} responded 402: {"status":"failure", "code":402,"message":"Your daily points limit of 50 has been reached. Please upgrade your plan to continue using the API."}
WorldNewsAPI {'source-country': 'kz'} responded 402: {"status":"failure", "code":402,"message":"Your daily points limit of 50 has been reached. Please upgrade your plan to continue using the API."}
WorldNewsAPI {'language': 'en'} responded 402: {"status":"failure", "code":402,"message":"Your daily points limit of 50 has been reached. Please upgrade your plan to continue using the API."}
WorldNewsAPI {'language': 'ru'} responded 402: {"status":"failure", "code":402,"message":"Your daily points limit of 50 has been reached. Please upgrade your plan to continue using the API."}
WorldNewsAPI {'language': 'kk'} responded 402: {"status":"failure", "code":402,"message":"Your daily points limit of 50 has been reached. Please upgrade your plan to continue using the API."}
WorldNewsAPI {'language': 'en'} responded 402: {"status":"failure", "code":402,"message":"Your daily points limit of 50 has been reached. Please upgrade your plan to continue using the API."}
WorldNewsAPI {'source-country': 'kz'} responded 402: {"status":"failure", "code":402,"message":"Your daily points limit of 50 has been reached. Please upgrade your plan to continue using the API."}
WorldNewsAPI {'language': 'ru'} responded 402: {"status":"failure", "code":402,"message":"Your daily points limit of 50 has been reached. Please upgrade your plan to continue using the API."}
WorldNewsAPI {'language': 'kk'} responded 402: {"status":"failure", "code":402,"message":"Your daily points limit of 50 has been reached. Please upgrade your plan to continue using the API."}
WorldNewsAPI {'source-country': 'kz'} responded 402: {"status":"failure", "code":402,"message":"Your daily points limit of 50 has been reached. Please upgrade your plan to continue using the API."}
WorldNewsAPI {'language': 'en'} responded 402: {"status":"failure", "code":402,"message":"Your daily points limit of 50 has been reached. Please upgrade your plan to continue using the API."}
WorldNewsAPI {'language': 'en'} responded 402: {"status":"failure", "code":402,"message":"Your daily points limit of 50 has been reached. Please upgrade your plan to continue using the API."}
WorldNewsAPI {'language': 'en'} responded 402: {"status":"failure", "code":402,"message":"Your daily points limit of 50 has been reached. Please upgrade your plan to continue using the API."}
WorldNewsAPI {'language': 'ru'} responded 402: {"status":"failure", "code":402,"message":"Your daily points limit of 50 has been reached. Please upgrade your plan to continue using the API."}
WorldNewsAPI {'language': 'ru'} responded 402: {"status":"failure", "code":402,"message":"Your daily points limit of 50 has been reached. Please upgrade your plan to continue using the API."}
WorldNewsAPI {'language': 'ru'} responded 402: {"status":"failure", "code":402,"message":"Your daily points limit of 50 has been reached. Please upgrade your plan to continue using the API."}
WorldNewsAPI {'language': 'kk'} responded 402: {"status":"failure", "code":402,"message":"Your daily points limit of 50 has been reached. Please upgrade your plan to continue using the API."}
WorldNewsAPI {'language': 'kk'} responded 402: {"status":"failure", "code":402,"message":"Your daily points limit of 50 has been reached. Please upgrade your plan to continue using the API."}
WorldNewsAPI {'language': 'kk'} responded 402: {"status":"failure", "code":402,"message":"Your daily points limit of 50 has been reached. Please upgrade your plan to continue using the API."}
WorldNewsAPI {'source-country': 'kz'} responded 402: {"status":"failure", "code":402,"message":"Your daily points limit of 50 has been reached. Please upgrade your plan to continue using the API."}
WorldNewsAPI {'source-country': 'kz'} responded 402: {"status":"failure", "code":402,"message":"Your daily points limit of 50 has been reached. Please upgrade your plan to continue using the API."}
WorldNewsAPI {'source-country': 'kz'} responded 402: {"status":"failure", "code":402,"message":"Your daily points limit of 50 has been reached. Please upgrade your plan to continue using the API."}
WorldNewsAPI {'language': 'en'} responded 402: {"status":"failure", "code":402,"message":"Your daily points limit of 50 has been reached. Please upgrade your plan to continue using the API."}
WorldNewsAPI {'language': 'ru'} responded 402: {"status":"failure", "code":402,"message":"Your daily points limit of 50 has been reached. Please upgrade your plan to continue using the API."}
WorldNewsAPI {'language': 'kk'} responded 402: {"status":"failure", "code":402,"message":"Your daily points limit of 50 has been reached. Please upgrade your plan to continue using the API."}
WorldNewsAPI {'source-country': 'kz'} responded 402: {"status":"failure", "code":402,"message":"Your daily points limit of 50 has been reached. Please upgrade your plan to continue using the API."}
WorldNewsAPI {'language': 'en'} responded 402: {"status":"failure", "code":402,"message":"Your daily points limit of 50 has been reached. Please upgrade your plan to continue using the API."}
WorldNewsAPI {'language': 'ru'} responded 402: {"status":"failure", "code":402,"message":"Your daily points limit of 50 has been reached. Please upgrade your plan to continue using the API."}
WorldNewsAPI {'language': 'kk'} responded 402: {"status":"failure", "code":402,"message":"Your daily points limit of 50 has been reached. Please upgrade your plan to continue using the API."}
WorldNewsAPI {'source-country': 'kz'} responded 402: {"status":"failure", "code":402,"message":"Your daily points limit of 50 has been reached. Please upgrade your plan to continue using the API."}
INFO:     Shutting down
INFO:     Waiting for application shutdown.
INFO:     Application shutdown complete.
INFO:     Finished server process [22024]
INFO:     Started server process [8232]
INFO:     Waiting for application startup.
INFO:     Application startup complete.
WARNING:  WatchFiles detected changes in 'app\services\report_service.py'. Reloading...
INFO:     Shutting down
INFO:     Waiting for application shutdown.
INFO:     Application shutdown complete.
INFO:     Finished server process [8232]
WARNING:  WatchFiles detected changes in 'app\services\email_service.py', 'app\api\routes\reports.py'. Reloading...
Process SpawnProcess-11:
Traceback (most recent call last):
  File "C:\Users\Nurasyl\AppData\Local\Programs\Python\Python312\Lib\multiprocessing\process.py", line 314, in _bootstrap
    self.run()
  File "C:\Users\Nurasyl\AppData\Local\Programs\Python\Python312\Lib\multiprocessing\process.py", line 108, in run
    self._target(*self._args, **self._kwargs)
  File "C:\Users\Nurasyl\AppData\Local\Programs\Python\Python312\Lib\site-packages\uvicorn\_subprocess.py", line 78, in subprocess_started
    target(sockets=sockets)
  File "C:\Users\Nurasyl\AppData\Local\Programs\Python\Python312\Lib\site-packages\uvicorn\server.py", line 62, in run
    return asyncio.run(self.serve(sockets=sockets))
           ^^^^^^^^^^^^^^^^^^^^^^^^^^^^^^^^^^^^^^^^
  File "C:\Users\Nurasyl\AppData\Local\Programs\Python\Python312\Lib\asyncio\runners.py", line 193, in run
    with Runner(debug=debug, loop_factory=loop_factory) as runner:
  File "C:\Users\Nurasyl\AppData\Local\Programs\Python\Python312\Lib\asyncio\runners.py", line 58, in __enter__
    self._lazy_init()
  File "C:\Users\Nurasyl\AppData\Local\Programs\Python\Python312\Lib\asyncio\runners.py", line 137, in _lazy_init
    self._loop = events.new_event_loop()
                 ^^^^^^^^^^^^^^^^^^^^^^^
  File "C:\Users\Nurasyl\AppData\Local\Programs\Python\Python312\Lib\asyncio\events.py", line 823, in new_event_loop
    return get_event_loop_policy().new_event_loop()
           ^^^^^^^^^^^^^^^^^^^^^^^^^^^^^^^^^^^^^^^^
  File "C:\Users\Nurasyl\AppData\Local\Programs\Python\Python312\Lib\asyncio\events.py", line 720, in new_event_loop
    return self._loop_factory()
           ^^^^^^^^^^^^^^^^^^^^
  File "C:\Users\Nurasyl\AppData\Local\Programs\Python\Python312\Lib\asyncio\selector_events.py", line 66, in __init__
    self._make_self_pipe()
  File "C:\Users\Nurasyl\AppData\Local\Programs\Python\Python312\Lib\asyncio\selector_events.py", line 120, in _make_self_pipe
    self._ssock, self._csock = socket.socketpair()
                               ^^^^^^^^^^^^^^^^^^^
  File "C:\Users\Nurasyl\AppData\Local\Programs\Python\Python312\Lib\socket.py", line 647, in socketpair
    ssock, _ = lsock.accept()
               ^^^^^^^^^^^^^^
  File "C:\Users\Nurasyl\AppData\Local\Programs\Python\Python312\Lib\socket.py", line 296, in accept
    sock = socket(self.family, self.type, self.proto, fileno=fd)
                  ^^^^^^^^^^^
  File "C:\Users\Nurasyl\AppData\Local\Programs\Python\Python312\Lib\socket.py", line 521, in family
    return _intenum_converter(super().family, AddressFamily)
           ^^^^^^^^^^^^^^^^^^^^^^^^^^^^^^^^^^^^^^^^^^^^^^^^^
  File "C:\Users\Nurasyl\AppData\Local\Programs\Python\Python312\Lib\socket.py", line 100, in _intenum_converter
    def _intenum_converter(value, enum_klass):
    
KeyboardInterrupt
Exception ignored in: <function BaseEventLoop.__del__ at 0x0000020DEABCEFC0>
Traceback (most recent call last):
  File "C:\Users\Nurasyl\AppData\Local\Programs\Python\Python312\Lib\asyncio\base_events.py", line 728, in __del__
    self.close()
  File "C:\Users\Nurasyl\AppData\Local\Programs\Python\Python312\Lib\asyncio\selector_events.py", line 104, in close
    self._close_self_pipe()
  File "C:\Users\Nurasyl\AppData\Local\Programs\Python\Python312\Lib\asyncio\selector_events.py", line 111, in _close_self_pipe
    self._remove_reader(self._ssock.fileno())
                        ^^^^^^^^^^^
AttributeError: '_WindowsSelectorEventLoop' object has no attribute '_ssock'
C:\Users\Nurasyl\AppData\Local\Programs\Python\Python312\Lib\multiprocessing\process.py:330: RuntimeWarning: coroutine 'Server.serve' was never awaited
  traceback.print_exc()
RuntimeWarning: Enable tracemalloc to get the object allocation traceback
INFO:     Started server process [22660]
INFO:     Waiting for application startup.
INFO:     Application startup complete.
WARNING:  WatchFiles detected changes in 'app\services\report_service.py'. Reloading...
INFO:     Shutting down
INFO:     Waiting for application shutdown.
INFO:     Application shutdown complete.
INFO:     Finished server process [22660]
WARNING:  WatchFiles detected changes in 'app\services\report_service.py'. Reloading...
Process SpawnProcess-13:
Traceback (most recent call last):
  File "C:\Users\Nurasyl\AppData\Local\Programs\Python\Python312\Lib\multiprocessing\process.py", line 314, in _bootstrap
    self.run()
  File "C:\Users\Nurasyl\AppData\Local\Programs\Python\Python312\Lib\multiprocessing\process.py", line 108, in run
    self._target(*self._args, **self._kwargs)
  File "C:\Users\Nurasyl\AppData\Local\Programs\Python\Python312\Lib\site-packages\uvicorn\_subprocess.py", line 78, in subprocess_started
    target(sockets=sockets)
  File "C:\Users\Nurasyl\AppData\Local\Programs\Python\Python312\Lib\site-packages\uvicorn\server.py", line 62, in run
    return asyncio.run(self.serve(sockets=sockets))
           ^^^^^^^^^^^^^^^^^^^^^^^^^^^^^^^^^^^^^^^^
  File "C:\Users\Nurasyl\AppData\Local\Programs\Python\Python312\Lib\asyncio\runners.py", line 194, in run
    return runner.run(main)
           ^^^^^^^^^^^^^^^^
  File "C:\Users\Nurasyl\AppData\Local\Programs\Python\Python312\Lib\asyncio\runners.py", line 100, in run
    task = self._loop.create_task(coro, context=context)
           ^^^^^^^^^^^^^^^^^^^^^^^^^^^^^^^^^^^^^^^^^^^^^
  File "C:\Users\Nurasyl\AppData\Local\Programs\Python\Python312\Lib\asyncio\base_events.py", line 458, in create_task
    task = tasks.Task(coro, loop=self, name=name, context=context)
           ^^^^^^^^^^^^^^^^^^^^^^^^^^^^^^^^^^^^^^^^^^^^^^^^^^^^^^^
  File "C:\Users\Nurasyl\AppData\Local\Programs\Python\Python312\Lib\asyncio\base_events.py", line 799, in call_soon
    handle = self._call_soon(callback, args, context)
             ^^^^^^^^^^^^^^^^^^^^^^^^^^^^^^^^^^^^^^^^
  File "C:\Users\Nurasyl\AppData\Local\Programs\Python\Python312\Lib\asyncio\base_events.py", line 815, in _call_soon
    handle = events.Handle(callback, args, self, context)
             ^^^^^^^^^^^^^^^^^^^^^^^^^^^^^^^^^^^^^^^^^^^^
  File "C:\Users\Nurasyl\AppData\Local\Programs\Python\Python312\Lib\asyncio\events.py", line 45, in __init__
    if self._loop.get_debug():
       ^^^^^^^^^^^^^^^^^^^^^^
  File "C:\Users\Nurasyl\AppData\Local\Programs\Python\Python312\Lib\asyncio\base_events.py", line 2005, in get_debug
    def get_debug(self):
    
KeyboardInterrupt
Task was destroyed but it is pending!
task: <Task pending name='Task-1' coro=<Server.serve() running at C:\Users\Nurasyl\AppData\Local\Programs\Python\Python312\Lib\site-packages\uvicorn\server.py:64>>
C:\Users\Nurasyl\AppData\Local\Programs\Python\Python312\Lib\multiprocessing\process.py:330: RuntimeWarning: coroutine 'Server.serve' was never awaited
  traceback.print_exc()
RuntimeWarning: Enable tracemalloc to get the object allocation traceback
WARNING:  WatchFiles detected changes in 'app\services\report_service.py'. Reloading...
INFO:     Started server process [14192]
INFO:     Waiting for application startup.
ERROR:    Traceback (most recent call last):
  File "C:\Users\Nurasyl\AppData\Local\Programs\Python\Python312\Lib\asyncio\runners.py", line 118, in run
    return self._loop.run_until_complete(task)
           ^^^^^^^^^^^^^^^^^^^^^^^^^^^^^^^^^^^
  File "C:\Users\Nurasyl\AppData\Local\Programs\Python\Python312\Lib\asyncio\base_events.py", line 687, in run_until_complete
    return future.result()
           ^^^^^^^^^^^^^^^
  File "C:\Users\Nurasyl\AppData\Local\Programs\Python\Python312\Lib\site-packages\uvicorn\server.py", line 79, in serve
    await self.startup(sockets=sockets)
  File "C:\Users\Nurasyl\AppData\Local\Programs\Python\Python312\Lib\site-packages\uvicorn\server.py", line 90, in startup
    await self.lifespan.startup()
  File "C:\Users\Nurasyl\AppData\Local\Programs\Python\Python312\Lib\site-packages\uvicorn\lifespan\on.py", line 54, in startup
    await self.startup_event.wait()
  File "C:\Users\Nurasyl\AppData\Local\Programs\Python\Python312\Lib\asyncio\locks.py", line 212, in wait
    await fut
asyncio.exceptions.CancelledError

During handling of the above exception, another exception occurred:

Traceback (most recent call last):
  File "C:\Users\Nurasyl\AppData\Local\Programs\Python\Python312\Lib\asyncio\runners.py", line 194, in run
    return runner.run(main)
           ^^^^^^^^^^^^^^^^
  File "C:\Users\Nurasyl\AppData\Local\Programs\Python\Python312\Lib\asyncio\runners.py", line 123, in run
    raise KeyboardInterrupt()
KeyboardInterrupt

During handling of the above exception, another exception occurred:

Traceback (most recent call last):
  File "C:\Users\Nurasyl\AppData\Local\Programs\Python\Python312\Lib\site-packages\starlette\routing.py", line 747, in lifespan
    await receive()
  File "C:\Users\Nurasyl\AppData\Local\Programs\Python\Python312\Lib\site-packages\uvicorn\lifespan\on.py", line 137, in receive
    return await self.receive_queue.get()
           ^^^^^^^^^^^^^^^^^^^^^^^^^^^^^^
  File "C:\Users\Nurasyl\AppData\Local\Programs\Python\Python312\Lib\asyncio\queues.py", line 158, in get
    await getter
asyncio.exceptions.CancelledError

Process SpawnProcess-14:
Traceback (most recent call last):
  File "C:\Users\Nurasyl\AppData\Local\Programs\Python\Python312\Lib\asyncio\runners.py", line 118, in run
    return self._loop.run_until_complete(task)
           ^^^^^^^^^^^^^^^^^^^^^^^^^^^^^^^^^^^
  File "C:\Users\Nurasyl\AppData\Local\Programs\Python\Python312\Lib\asyncio\base_events.py", line 687, in run_until_complete
    return future.result()
           ^^^^^^^^^^^^^^^
  File "C:\Users\Nurasyl\AppData\Local\Programs\Python\Python312\Lib\site-packages\uvicorn\server.py", line 79, in serve
    await self.startup(sockets=sockets)
  File "C:\Users\Nurasyl\AppData\Local\Programs\Python\Python312\Lib\site-packages\uvicorn\server.py", line 90, in startup
    await self.lifespan.startup()
  File "C:\Users\Nurasyl\AppData\Local\Programs\Python\Python312\Lib\site-packages\uvicorn\lifespan\on.py", line 54, in startup
    await self.startup_event.wait()
  File "C:\Users\Nurasyl\AppData\Local\Programs\Python\Python312\Lib\asyncio\locks.py", line 212, in wait
    await fut
asyncio.exceptions.CancelledError

During handling of the above exception, another exception occurred:

Traceback (most recent call last):
  File "C:\Users\Nurasyl\AppData\Local\Programs\Python\Python312\Lib\multiprocessing\process.py", line 314, in _bootstrap
    self.run()
  File "C:\Users\Nurasyl\AppData\Local\Programs\Python\Python312\Lib\multiprocessing\process.py", line 108, in run
    self._target(*self._args, **self._kwargs)
  File "C:\Users\Nurasyl\AppData\Local\Programs\Python\Python312\Lib\site-packages\uvicorn\_subprocess.py", line 78, in subprocess_started
    target(sockets=sockets)
  File "C:\Users\Nurasyl\AppData\Local\Programs\Python\Python312\Lib\site-packages\uvicorn\server.py", line 62, in run
    return asyncio.run(self.serve(sockets=sockets))
           ^^^^^^^^^^^^^^^^^^^^^^^^^^^^^^^^^^^^^^^^
  File "C:\Users\Nurasyl\AppData\Local\Programs\Python\Python312\Lib\asyncio\runners.py", line 194, in run
    return runner.run(main)
           ^^^^^^^^^^^^^^^^
  File "C:\Users\Nurasyl\AppData\Local\Programs\Python\Python312\Lib\asyncio\runners.py", line 123, in run
    raise KeyboardInterrupt()
KeyboardInterrupt
INFO:     Started server process [25864]
INFO:     Waiting for application startup.
INFO:     Application startup complete.
WARNING:  WatchFiles detected changes in 'app\services\report_service.py'. Reloading...
INFO:     Shutting down
INFO:     Waiting for connections to close. (CTRL+C to force quit)
INFO:     Waiting for application shutdown.
INFO:     Application shutdown complete.
INFO:     Finished server process [25864]
WARNING:  WatchFiles detected changes in 'app\services\report_service.py', 'app\services\report_charts.py'. Reloading...
Process SpawnProcess-16:
Traceback (most recent call last):
  File "C:\Users\Nurasyl\AppData\Local\Programs\Python\Python312\Lib\multiprocessing\process.py", line 314, in _bootstrap
    self.run()
  File "C:\Users\Nurasyl\AppData\Local\Programs\Python\Python312\Lib\multiprocessing\process.py", line 108, in run
    self._target(*self._args, **self._kwargs)
  File "C:\Users\Nurasyl\AppData\Local\Programs\Python\Python312\Lib\site-packages\uvicorn\_subprocess.py", line 78, in subprocess_started
    target(sockets=sockets)
  File "C:\Users\Nurasyl\AppData\Local\Programs\Python\Python312\Lib\site-packages\uvicorn\server.py", line 62, in run
    return asyncio.run(self.serve(sockets=sockets))
           ^^^^^^^^^^^^^^^^^^^^^^^^^^^^^^^^^^^^^^^^
  File "C:\Users\Nurasyl\AppData\Local\Programs\Python\Python312\Lib\asyncio\runners.py", line 194, in run
    return runner.run(main)
           ^^^^^^^^^^^^^^^^
  File "C:\Users\Nurasyl\AppData\Local\Programs\Python\Python312\Lib\asyncio\runners.py", line 100, in run
    task = self._loop.create_task(coro, context=context)
           ^^^^^^^^^^^^^^^^^^^^^^^^^^^^^^^^^^^^^^^^^^^^^
  File "C:\Users\Nurasyl\AppData\Local\Programs\Python\Python312\Lib\asyncio\base_events.py", line 458, in create_task
    task = tasks.Task(coro, loop=self, name=name, context=context)
           ^^^^^^^^^^^^^^^^^^^^^^^^^^^^^^^^^^^^^^^^^^^^^^^^^^^^^^^
  File "C:\Users\Nurasyl\AppData\Local\Programs\Python\Python312\Lib\asyncio\base_events.py", line 2005, in get_debug
    def get_debug(self):
    
KeyboardInterrupt
C:\Users\Nurasyl\AppData\Local\Programs\Python\Python312\Lib\multiprocessing\process.py:330: RuntimeWarning: coroutine 'Server.serve' was never awaited
  traceback.print_exc()
RuntimeWarning: Enable tracemalloc to get the object allocation traceback
INFO:     Started server process [13652]
INFO:     Waiting for application startup.
INFO:     Application startup complete.
WARNING:  WatchFiles detected changes in 'app\services\nlp_service.py'. Reloading...
INFO:     Shutting down
INFO:     Waiting for connections to close. (CTRL+C to force quit)
INFO:     Waiting for application shutdown.
INFO:     Application shutdown complete.
INFO:     Finished server process [13652]
WARNING:  WatchFiles detected changes in 'app\services\nlp_service.py', 'app\api\routes\analytics.py', 'app\api\routes\mentions.py', 'app\services\emotion_service.py', 'app\services\ingestion_service.py'. Reloading...
Process SpawnProcess-18:
Traceback (most recent call last):
  File "C:\Users\Nurasyl\AppData\Local\Programs\Python\Python312\Lib\multiprocessing\process.py", line 314, in _bootstrap
    self.run()
  File "C:\Users\Nurasyl\AppData\Local\Programs\Python\Python312\Lib\multiprocessing\process.py", line 108, in run
    self._target(*self._args, **self._kwargs)
  File "C:\Users\Nurasyl\AppData\Local\Programs\Python\Python312\Lib\site-packages\uvicorn\_subprocess.py", line 78, in subprocess_started
    target(sockets=sockets)
  File "C:\Users\Nurasyl\AppData\Local\Programs\Python\Python312\Lib\site-packages\uvicorn\server.py", line 62, in run
    return asyncio.run(self.serve(sockets=sockets))
           ^^^^^^^^^^^^^^^^^^^^^^^^^^^^^^^^^^^^^^^^
  File "C:\Users\Nurasyl\AppData\Local\Programs\Python\Python312\Lib\asyncio\runners.py", line 193, in run
    with Runner(debug=debug, loop_factory=loop_factory) as runner:
  File "C:\Users\Nurasyl\AppData\Local\Programs\Python\Python312\Lib\asyncio\runners.py", line 58, in __enter__
    self._lazy_init()
  File "C:\Users\Nurasyl\AppData\Local\Programs\Python\Python312\Lib\asyncio\runners.py", line 137, in _lazy_init
    self._loop = events.new_event_loop()
                 ^^^^^^^^^^^^^^^^^^^^^^^
  File "C:\Users\Nurasyl\AppData\Local\Programs\Python\Python312\Lib\asyncio\events.py", line 823, in new_event_loop
    return get_event_loop_policy().new_event_loop()
           ^^^^^^^^^^^^^^^^^^^^^^^^^^^^^^^^^^^^^^^^
  File "C:\Users\Nurasyl\AppData\Local\Programs\Python\Python312\Lib\asyncio\events.py", line 720, in new_event_loop
    return self._loop_factory()
           ^^^^^^^^^^^^^^^^^^^^
  File "C:\Users\Nurasyl\AppData\Local\Programs\Python\Python312\Lib\asyncio\selector_events.py", line 66, in __init__
    self._make_self_pipe()
  File "C:\Users\Nurasyl\AppData\Local\Programs\Python\Python312\Lib\asyncio\selector_events.py", line 124, in _make_self_pipe
    self._add_reader(self._ssock.fileno(), self._read_from_self)
  File "C:\Users\Nurasyl\AppData\Local\Programs\Python\Python312\Lib\asyncio\selector_events.py", line 279, in _add_reader
    self._check_closed()
  File "C:\Users\Nurasyl\AppData\Local\Programs\Python\Python312\Lib\asyncio\base_events.py", line 539, in _check_closed
    def _check_closed(self):
    
KeyboardInterrupt
C:\Users\Nurasyl\AppData\Local\Programs\Python\Python312\Lib\multiprocessing\process.py:330: RuntimeWarning: coroutine 'Server.serve' was never awaited
  traceback.print_exc()
RuntimeWarning: Enable tracemalloc to get the object allocation traceback
INFO:     Started server process [23356]
INFO:     Waiting for application startup.
INFO:     Application startup complete.
Run time of job "_refresh_all_projects_job (trigger: interval[0:30:00], next run at: 2026-04-19 05:47:03 UTC)" was missed by 0:09:00.554448
Run time of job "_refresh_all_projects_job (trigger: interval[0:30:00], next run at: 2026-04-19 07:47:03 UTC)" was missed by 0:28:19.841258
Run time of job "_refresh_all_projects_job (trigger: interval[0:30:00], next run at: 2026-04-19 12:17:03 UTC)" was missed by 0:23:43.727631
NewsAPI en responded 429: {"status":"error","code":"rateLimited","message":"You have made too many requests recently. Developer accounts are limited to 100 requests over a 24 hour period (50 requests available every 12 hours). Please upgrade to a paid plan if you need more requests."}
NewsAPI en responded 429: {"status":"error","code":"rateLimited","message":"You have made too many requests recently. Developer accounts are limited to 100 requests over a 24 hour period (50 requests available every 12 hours). Please upgrade to a paid plan if you need more requests."}
NewsAPI ru responded 429: {"status":"error","code":"rateLimited","message":"You have made too many requests recently. Developer accounts are limited to 100 requests over a 24 hour period (50 requests available every 12 hours). Please upgrade to a paid plan if you need more requests."}
NewsAPI ru responded 429: {"status":"error","code":"rateLimited","message":"You have made too many requests recently. Developer accounts are limited to 100 requests over a 24 hour period (50 requests available every 12 hours). Please upgrade to a paid plan if you need more requests."}
NewsAPI en responded 429: {"status":"error","code":"rateLimited","message":"You have made too many requests recently. Developer accounts are limited to 100 requests over a 24 hour period (50 requests available every 12 hours). Please upgrade to a paid plan if you need more requests."}
NewsAPI en responded 429: {"status":"error","code":"rateLimited","message":"You have made too many requests recently. Developer accounts are limited to 100 requests over a 24 hour period (50 requests available every 12 hours). Please upgrade to a paid plan if you need more requests."}
NewsAPI en responded 429: {"status":"error","code":"rateLimited","message":"You have made too many requests recently. Developer accounts are limited to 100 requests over a 24 hour period (50 requests available every 12 hours). Please upgrade to a paid plan if you need more requests."}
NewsAPI en responded 429: {"status":"error","code":"rateLimited","message":"You have made too many requests recently. Developer accounts are limited to 100 requests over a 24 hour period (50 requests available every 12 hours). Please upgrade to a paid plan if you need more requests."}
NewsAPI ru responded 429: {"status":"error","code":"rateLimited","message":"You have made too many requests recently. Developer accounts are limited to 100 requests over a 24 hour period (50 requests available every 12 hours). Please upgrade to a paid plan if you need more requests."}
NewsAPI ru responded 429: {"status":"error","code":"rateLimited","message":"You have made too many requests recently. Developer accounts are limited to 100 requests over a 24 hour period (50 requests available every 12 hours). Please upgrade to a paid plan if you need more requests."}
NewsAPI ru responded 429: {"status":"error","code":"rateLimited","message":"You have made too many requests recently. Developer accounts are limited to 100 requests over a 24 hour period (50 requests available every 12 hours). Please upgrade to a paid plan if you need more requests."}
NewsAPI ru responded 429: {"status":"error","code":"rateLimited","message":"You have made too many requests recently. Developer accounts are limited to 100 requests over a 24 hour period (50 requests available every 12 hours). Please upgrade to a paid plan if you need more requests."}
NewsAPI en responded 429: {"status":"error","code":"rateLimited","message":"You have made too many requests recently. Developer accounts are limited to 100 requests over a 24 hour period (50 requests available every 12 hours). Please upgrade to a paid plan if you need more requests."}
NewsAPI en responded 429: {"status":"error","code":"rateLimited","message":"You have made too many requests recently. Developer accounts are limited to 100 requests over a 24 hour period (50 requests available every 12 hours). Please upgrade to a paid plan if you need more requests."}
NewsAPI en responded 429: {"status":"error","code":"rateLimited","message":"You have made too many requests recently. Developer accounts are limited to 100 requests over a 24 hour period (50 requests available every 12 hours). Please upgrade to a paid plan if you need more requests."}
NewsAPI ru responded 429: {"status":"error","code":"rateLimited","message":"You have made too many requests recently. Developer accounts are limited to 100 requests over a 24 hour period (50 requests available every 12 hours). Please upgrade to a paid plan if you need more requests."}
NewsAPI en responded 429: {"status":"error","code":"rateLimited","message":"You have made too many requests recently. Developer accounts are limited to 100 requests over a 24 hour period (50 requests available every 12 hours). Please upgrade to a paid plan if you need more requests."}
NewsAPI ru responded 429: {"status":"error","code":"rateLimited","message":"You have made too many requests recently. Developer accounts are limited to 100 requests over a 24 hour period (50 requests available every 12 hours). Please upgrade to a paid plan if you need more requests."}
NewsAPI ru responded 429: {"status":"error","code":"rateLimited","message":"You have made too many requests recently. Developer accounts are limited to 100 requests over a 24 hour period (50 requests available every 12 hours). Please upgrade to a paid plan if you need more requests."}
NewsAPI en responded 429: {"status":"error","code":"rateLimited","message":"You have made too many requests recently. Developer accounts are limited to 100 requests over a 24 hour period (50 requests available every 12 hours). Please upgrade to a paid plan if you need more requests."}
NewsAPI en responded 429: {"status":"error","code":"rateLimited","message":"You have made too many requests recently. Developer accounts are limited to 100 requests over a 24 hour period (50 requests available every 12 hours). Please upgrade to a paid plan if you need more requests."}
NewsAPI ru responded 429: {"status":"error","code":"rateLimited","message":"You have made too many requests recently. Developer accounts are limited to 100 requests over a 24 hour period (50 requests available every 12 hours). Please upgrade to a paid plan if you need more requests."}
NewsAPI ru responded 429: {"status":"error","code":"rateLimited","message":"You have made too many requests recently. Developer accounts are limited to 100 requests over a 24 hour period (50 requests available every 12 hours). Please upgrade to a paid plan if you need more requests."}
NewsAPI ru responded 429: {"status":"error","code":"rateLimited","message":"You have made too many requests recently. Developer accounts are limited to 100 requests over a 24 hour period (50 requests available every 12 hours). Please upgrade to a paid plan if you need more requests."}
NewsAPI en responded 429: {"status":"error","code":"rateLimited","message":"You have made too many requests recently. Developer accounts are limited to 100 requests over a 24 hour period (50 requests available every 12 hours). Please upgrade to a paid plan if you need more requests."}
NewsAPI en responded 429: {"status":"error","code":"rateLimited","message":"You have made too many requests recently. Developer accounts are limited to 100 requests over a 24 hour period (50 requests available every 12 hours). Please upgrade to a paid plan if you need more requests."}
NewsAPI en responded 429: {"status":"error","code":"rateLimited","message":"You have made too many requests recently. Developer accounts are limited to 100 requests over a 24 hour period (50 requests available every 12 hours). Please upgrade to a paid plan if you need more requests."}
NewsAPI en responded 429: {"status":"error","code":"rateLimited","message":"You have made too many requests recently. Developer accounts are limited to 100 requests over a 24 hour period (50 requests available every 12 hours). Please upgrade to a paid plan if you need more requests."}
NewsAPI ru responded 429: {"status":"error","code":"rateLimited","message":"You have made too many requests recently. Developer accounts are limited to 100 requests over a 24 hour period (50 requests available every 12 hours). Please upgrade to a paid plan if you need more requests."}
NewsAPI en responded 429: {"status":"error","code":"rateLimited","message":"You have made too many requests recently. Developer accounts are limited to 100 requests over a 24 hour period (50 requests available every 12 hours). Please upgrade to a paid plan if you need more requests."}
NewsAPI en responded 429: {"status":"error","code":"rateLimited","message":"You have made too many requests recently. Developer accounts are limited to 100 requests over a 24 hour period (50 requests available every 12 hours). Please upgrade to a paid plan if you need more requests."}
NewsAPI ru responded 429: {"status":"error","code":"rateLimited","message":"You have made too many requests recently. Developer accounts are limited to 100 requests over a 24 hour period (50 requests available every 12 hours). Please upgrade to a paid plan if you need more requests."}
NewsAPI ru responded 429: {"status":"error","code":"rateLimited","message":"You have made too many requests recently. Developer accounts are limited to 100 requests over a 24 hour period (50 requests available every 12 hours). Please upgrade to a paid plan if you need more requests."}
NewsAPI ru responded 429: {"status":"error","code":"rateLimited","message":"You have made too many requests recently. Developer accounts are limited to 100 requests over a 24 hour period (50 requests available every 12 hours). Please upgrade to a paid plan if you need more requests."}
NewsAPI ru responded 429: {"status":"error","code":"rateLimited","message":"You have made too many requests recently. Developer accounts are limited to 100 requests over a 24 hour period (50 requests available every 12 hours). Please upgrade to a paid plan if you need more requests."}
NewsAPI ru responded 429: {"status":"error","code":"rateLimited","message":"You have made too many requests recently. Developer accounts are limited to 100 requests over a 24 hour period (50 requests available every 12 hours). Please upgrade to a paid plan if you need more requests."}
SerpAPI request failed: 
Could not parse date: '9 февр. 2026 г.'
Could not parse date for article: https://frankmedia.ru/261160 (raw='9 февр. 2026 г.') — skipping
Could not parse date: '9 февр. 2026 г.'
Could not parse date for article: https://frankmedia.ru/261160 (raw='9 февр. 2026 г.') — skipping
Could not parse date: '6 нояб. 2025 г.'
Could not parse date for article: https://finratings.kz/news/8687-kaspi-anonsiroval-apple-pay-v-2026-godu/ (raw='6 нояб. 2025 г.') — skipping
Could not parse date: '1 день назад'
Could not parse date for article: https://www.inform.kz/ru/kuda-shodit-v-astane-18-i-19-aprelya-75c8e0 (raw='1 день назад') — skipping
Could not parse date: '6 нояб. 2025 г.'
Could not parse date for article: https://finratings.kz/news/8687-kaspi-anonsiroval-apple-pay-v-2026-godu/ (raw='6 нояб. 2025 г.') — skipping
SerpAPI request failed: 
SerpAPI request failed: 
Could not parse date: '1 день назад'
Could not parse date for article: https://actualcomment.ru/adidas-ushel-no-ostalsya-2604171929.html (raw='1 день назад') — skipping
SerpAPI request failed: Server disconnected without sending a response.
SerpAPI request failed: Server disconnected without sending a response.
WorldNewsAPI {'language': 'en'} responded 402: {"status":"failure", "code":402,"message":"Your daily points limit of 50 has been reached. Please upgrade your plan to continue using the API."}
WorldNewsAPI {'language': 'ru'} responded 402: {"status":"failure", "code":402,"message":"Your daily points limit of 50 has been reached. Please upgrade your plan to continue using the API."}
WorldNewsAPI {'language': 'kk'} responded 402: {"status":"failure", "code":402,"message":"Your daily points limit of 50 has been reached. Please upgrade your plan to continue using the API."}
WorldNewsAPI {'source-country': 'kz'} responded 402: {"status":"failure", "code":402,"message":"Your daily points limit of 50 has been reached. Please upgrade your plan to continue using the API."}
Could not parse date: '1 день назад'
Could not parse date for article: https://actualcomment.ru/adidas-ushel-no-ostalsya-2604171929.html (raw='1 день назад') — skipping
Could not parse date: '1 день назад'
Could not parse date for article: https://valetudo.ru/mma/news/arman-tsarukyan-rasskazal-za-chto-ego-snyali-s-rejsa (raw='1 день назад') — skipping
SerpAPI request failed: 
WorldNewsAPI request failed: 
WorldNewsAPI request failed: 
WorldNewsAPI request failed: 
WorldNewsAPI request failed: 
WorldNewsAPI request failed: 
WorldNewsAPI request failed: 
WorldNewsAPI request failed: 
WorldNewsAPI request failed: 
WorldNewsAPI request failed: 
Could not parse date: '1 день назад'
Could not parse date for article: https://bes.media/news/taza-kazakstan-v-almatinskoy-oblasti-aktivno-podhodyat-k-ekoaktsii/ (raw='1 день назад') — skipping
Could not parse date: '1 день назад'
Could not parse date for article: https://www.nur.kz/society/2367078-mesyac-chistoty-v-ramkah-taza-qazaqstan-nachalsya-s-masshtabnogo- (raw='1 день назад') — skipping
Could not parse date: '1 день назад'
Could not parse date for article: https://24.kz/ru/news/ekologiya/763974-10-ga-ochistili-ot-musora-v-vko-v-ramkakh-taza-kazakstan (raw='1 день назад') — skipping
Could not parse date: '1 день назад'
Could not parse date for article: https://www.gov.kz/memleket/entities/aqmola/press/news/details/1202638?lang=ru (raw='1 день назад') — skipping
WorldNewsAPI request failed: 
WorldNewsAPI request failed: 
WorldNewsAPI request failed: 
WorldNewsAPI request failed: 
GPT sentiment failed, falling back to rule-based: Error code: 429 - {'error': {'message': 'You exceeded your current quota, please check your plan and billing details. For more information on this error, read the docs: https://platform.openai.com/docs/guides/error-codes/api-errors.', 'type': 'insufficient_quota', 'param': None, 'code': 'insufficient_quota'}}
WorldNewsAPI request failed: 
WorldNewsAPI request failed: 
WorldNewsAPI request failed: 
GPT emotion classification failed, falling back to rule-based: Error code: 429 - {'error': {'message': 'You exceeded your current quota, please check your plan and billing details. For more information on this error, read the docs: https://platform.openai.com/docs/guides/error-codes/api-errors.', 'type': 'insufficient_quota', 'param': None, 'code': 'insufficient_quota'}}
WARNING:  WatchFiles detected changes in 'app\services\analytics_service.py'. Reloading...
GPT emotion classification failed, falling back to rule-based: Error code: 429 - {'error': {'message': 'You exceeded your current quota, please check your plan and billing details. For more information on this error, read the docs: https://platform.openai.com/docs/guides/error-codes/api-errors.', 'type': 'insufficient_quota', 'param': None, 'code': 'insufficient_quota'}}
WorldNewsAPI request failed: Server disconnected without sending a response.
WorldNewsAPI request failed: 
Could not parse date: '1 день назад'
Could not parse date for article: https://www.dp.ru/a/2026/04/18/kognitivnie-testi-dlja-voditelej (raw='1 день назад') — skipping
GPT sentiment failed, falling back to rule-based: Error code: 429 - {'error': {'message': 'You exceeded your current quota, please check your plan and billing details. For more information on this error, read the docs: https://platform.openai.com/docs/guides/error-codes/api-errors.', 'type': 'insufficient_quota', 'param': None, 'code': 'insufficient_quota'}}
GPT emotion classification failed, falling back to rule-based: Error code: 429 - {'error': {'message': 'You exceeded your current quota, please check your plan and billing details. For more information on this error, read the docs: https://platform.openai.com/docs/guides/error-codes/api-errors.', 'type': 'insufficient_quota', 'param': None, 'code': 'insufficient_quota'}}
WorldNewsAPI request failed: 
WorldNewsAPI request failed: 
NewsData.io request failed: 
NewsData.io request failed: 
GPT sentiment failed, falling back to rule-based: Error code: 429 - {'error': {'message': 'You exceeded your current quota, please check your plan and billing details. For more information on this error, read the docs: https://platform.openai.com/docs/guides/error-codes/api-errors.', 'type': 'insufficient_quota', 'param': None, 'code': 'insufficient_quota'}}
WorldNewsAPI request failed: 
WorldNewsAPI request failed: 
GPT sentiment failed, falling back to rule-based: Error code: 429 - {'error': {'message': 'You exceeded your current quota, please check your plan and billing details. For more information on this error, read the docs: https://platform.openai.com/docs/guides/error-codes/api-errors.', 'type': 'insufficient_quota', 'param': None, 'code': 'insufficient_quota'}}
GPT emotion classification failed, falling back to rule-based: Error code: 429 - {'error': {'message': 'You exceeded your current quota, please check your plan and billing details. For more information on this error, read the docs: https://platform.openai.com/docs/guides/error-codes/api-errors.', 'type': 'insufficient_quota', 'param': None, 'code': 'insufficient_quota'}}
GPT insight generation failed: Error code: 429 - {'error': {'message': 'You exceeded your current quota, please check your plan and billing details. For more information on this error, read the docs: https://platform.openai.com/docs/guides/error-codes/api-errors.', 'type': 'insufficient_quota', 'param': None, 'code': 'insufficient_quota'}}
GPT emotion classification failed, falling back to rule-based: Error code: 429 - {'error': {'message': 'You exceeded your current quota, please check your plan and billing details. For more information on this error, read the docs: https://platform.openai.com/docs/guides/error-codes/api-errors.', 'type': 'insufficient_quota', 'param': None, 'code': 'insufficient_quota'}}
GPT emotion classification failed, falling back to rule-based: Error code: 429 - {'error': {'message': 'You exceeded your current quota, please check your plan and billing details. For more information on this error, read the docs: https://platform.openai.com/docs/guides/error-codes/api-errors.', 'type': 'insufficient_quota', 'param': None, 'code': 'insufficient_quota'}}
WorldNewsAPI request failed: 
GPT emotion classification failed, falling back to rule-based: Error code: 429 - {'error': {'message': 'You exceeded your current quota, please check your plan and billing details. For more information on this error, read the docs: https://platform.openai.com/docs/guides/error-codes/api-errors.', 'type': 'insufficient_quota', 'param': None, 'code': 'insufficient_quota'}}
GPT emotion classification failed, falling back to rule-based: Error code: 429 - {'error': {'message': 'You exceeded your current quota, please check your plan and billing details. For more information on this error, read the docs: https://platform.openai.com/docs/guides/error-codes/api-errors.', 'type': 'insufficient_quota', 'param': None, 'code': 'insufficient_quota'}}
GPT emotion classification failed, falling back to rule-based: Error code: 429 - {'error': {'message': 'You exceeded your current quota, please check your plan and billing details. For more information on this error, read the docs: https://platform.openai.com/docs/guides/error-codes/api-errors.', 'type': 'insufficient_quota', 'param': None, 'code': 'insufficient_quota'}}
GPT sentiment failed, falling back to rule-based: Error code: 429 - {'error': {'message': 'You exceeded your current quota, please check your plan and billing details. For more information on this error, read the docs: https://platform.openai.com/docs/guides/error-codes/api-errors.', 'type': 'insufficient_quota', 'param': None, 'code': 'insufficient_quota'}}
GPT sentiment failed, falling back to rule-based: Error code: 429 - {'error': {'message': 'You exceeded your current quota, please check your plan and billing details. For more information on this error, read the docs: https://platform.openai.com/docs/guides/error-codes/api-errors.', 'type': 'insufficient_quota', 'param': None, 'code': 'insufficient_quota'}}
GPT emotion classification failed, falling back to rule-based: Error code: 429 - {'error': {'message': 'You exceeded your current quota, please check your plan and billing details. For more information on this error, read the docs: https://platform.openai.com/docs/guides/error-codes/api-errors.', 'type': 'insufficient_quota', 'param': None, 'code': 'insufficient_quota'}}
WorldNewsAPI request failed: 
WorldNewsAPI request failed: 
GPT emotion classification failed, falling back to rule-based: Error code: 429 - {'error': {'message': 'You exceeded your current quota, please check your plan and billing details. For more information on this error, read the docs: https://platform.openai.com/docs/guides/error-codes/api-errors.', 'type': 'insufficient_quota', 'param': None, 'code': 'insufficient_quota'}}
GPT sentiment failed, falling back to rule-based: Error code: 429 - {'error': {'message': 'You exceeded your current quota, please check your plan and billing details. For more information on this error, read the docs: https://platform.openai.com/docs/guides/error-codes/api-errors.', 'type': 'insufficient_quota', 'param': None, 'code': 'insufficient_quota'}}
GPT emotion classification failed, falling back to rule-based: Error code: 429 - {'error': {'message': 'You exceeded your current quota, please check your plan and billing details. For more information on this error, read the docs: https://platform.openai.com/docs/guides/error-codes/api-errors.', 'type': 'insufficient_quota', 'param': None, 'code': 'insufficient_quota'}}
GPT sentiment failed, falling back to rule-based: Error code: 429 - {'error': {'message': 'You exceeded your current quota, please check your plan and billing details. For more information on this error, read the docs: https://platform.openai.com/docs/guides/error-codes/api-errors.', 'type': 'insufficient_quota', 'param': None, 'code': 'insufficient_quota'}}
GPT insight generation failed: Error code: 429 - {'error': {'message': 'You exceeded your current quota, please check your plan and billing details. For more information on this error, read the docs: https://platform.openai.com/docs/guides/error-codes/api-errors.', 'type': 'insufficient_quota', 'param': None, 'code': 'insufficient_quota'}}
WorldNewsAPI request failed: 
GPT sentiment failed, falling back to rule-based: Error code: 429 - {'error': {'message': 'You exceeded your current quota, please check your plan and billing details. For more information on this error, read the docs: https://platform.openai.com/docs/guides/error-codes/api-errors.', 'type': 'insufficient_quota', 'param': None, 'code': 'insufficient_quota'}}
GPT sentiment failed, falling back to rule-based: Error code: 429 - {'error': {'message': 'You exceeded your current quota, please check your plan and billing details. For more information on this error, read the docs: https://platform.openai.com/docs/guides/error-codes/api-errors.', 'type': 'insufficient_quota', 'param': None, 'code': 'insufficient_quota'}}
GPT emotion classification failed, falling back to rule-based: Error code: 429 - {'error': {'message': 'You exceeded your current quota, please check your plan and billing details. For more information on this error, read the docs: https://platform.openai.com/docs/guides/error-codes/api-errors.', 'type': 'insufficient_quota', 'param': None, 'code': 'insufficient_quota'}}
WorldNewsAPI request failed: 
GPT sentiment failed, falling back to rule-based: Error code: 429 - {'error': {'message': 'You exceeded your current quota, please check your plan and billing details. For more information on this error, read the docs: https://platform.openai.com/docs/guides/error-codes/api-errors.', 'type': 'insufficient_quota', 'param': None, 'code': 'insufficient_quota'}}
GPT emotion classification failed, falling back to rule-based: Error code: 429 - {'error': {'message': 'You exceeded your current quota, please check your plan and billing details. For more information on this error, read the docs: https://platform.openai.com/docs/guides/error-codes/api-errors.', 'type': 'insufficient_quota', 'param': None, 'code': 'insufficient_quota'}}
GPT sentiment failed, falling back to rule-based: Error code: 429 - {'error': {'message': 'You exceeded your current quota, please check your plan and billing details. For more information on this error, read the docs: https://platform.openai.com/docs/guides/error-codes/api-errors.', 'type': 'insufficient_quota', 'param': None, 'code': 'insufficient_quota'}}
GPT emotion classification failed, falling back to rule-based: Error code: 429 - {'error': {'message': 'You exceeded your current quota, please check your plan and billing details. For more information on this error, read the docs: https://platform.openai.com/docs/guides/error-codes/api-errors.', 'type': 'insufficient_quota', 'param': None, 'code': 'insufficient_quota'}}
GPT sentiment failed, falling back to rule-based: Error code: 429 - {'error': {'message': 'You exceeded your current quota, please check your plan and billing details. For more information on this error, read the docs: https://platform.openai.com/docs/guides/error-codes/api-errors.', 'type': 'insufficient_quota', 'param': None, 'code': 'insufficient_quota'}}
GPT emotion classification failed, falling back to rule-based: Error code: 429 - {'error': {'message': 'You exceeded your current quota, please check your plan and billing details. For more information on this error, read the docs: https://platform.openai.com/docs/guides/error-codes/api-errors.', 'type': 'insufficient_quota', 'param': None, 'code': 'insufficient_quota'}}
GPT sentiment failed, falling back to rule-based: Error code: 429 - {'error': {'message': 'You exceeded your current quota, please check your plan and billing details. For more information on this error, read the docs: https://platform.openai.com/docs/guides/error-codes/api-errors.', 'type': 'insufficient_quota', 'param': None, 'code': 'insufficient_quota'}}
GPT emotion classification failed, falling back to rule-based: Error code: 429 - {'error': {'message': 'You exceeded your current quota, please check your plan and billing details. For more information on this error, read the docs: https://platform.openai.com/docs/guides/error-codes/api-errors.', 'type': 'insufficient_quota', 'param': None, 'code': 'insufficient_quota'}}
WorldNewsAPI request failed: 
GPT emotion classification failed, falling back to rule-based: Error code: 429 - {'error': {'message': 'You exceeded your current quota, please check your plan and billing details. For more information on this error, read the docs: https://platform.openai.com/docs/guides/error-codes/api-errors.', 'type': 'insufficient_quota', 'param': None, 'code': 'insufficient_quota'}}
GPT sentiment failed, falling back to rule-based: Error code: 429 - {'error': {'message': 'You exceeded your current quota, please check your plan and billing details. For more information on this error, read the docs: https://platform.openai.com/docs/guides/error-codes/api-errors.', 'type': 'insufficient_quota', 'param': None, 'code': 'insufficient_quota'}}
GPT emotion classification failed, falling back to rule-based: Error code: 429 - {'error': {'message': 'You exceeded your current quota, please check your plan and billing details. For more information on this error, read the docs: https://platform.openai.com/docs/guides/error-codes/api-errors.', 'type': 'insufficient_quota', 'param': None, 'code': 'insufficient_quota'}}
GPT sentiment failed, falling back to rule-based: Error code: 429 - {'error': {'message': 'You exceeded your current quota, please check your plan and billing details. For more information on this error, read the docs: https://platform.openai.com/docs/guides/error-codes/api-errors.', 'type': 'insufficient_quota', 'param': None, 'code': 'insufficient_quota'}}
GPT emotion classification failed, falling back to rule-based: Error code: 429 - {'error': {'message': 'You exceeded your current quota, please check your plan and billing details. For more information on this error, read the docs: https://platform.openai.com/docs/guides/error-codes/api-errors.', 'type': 'insufficient_quota', 'param': None, 'code': 'insufficient_quota'}}
GPT emotion classification failed, falling back to rule-based: Error code: 429 - {'error': {'message': 'You exceeded your current quota, please check your plan and billing details. For more information on this error, read the docs: https://platform.openai.com/docs/guides/error-codes/api-errors.', 'type': 'insufficient_quota', 'param': None, 'code': 'insufficient_quota'}}
GPT sentiment failed, falling back to rule-based: Error code: 429 - {'error': {'message': 'You exceeded your current quota, please check your plan and billing details. For more information on this error, read the docs: https://platform.openai.com/docs/guides/error-codes/api-errors.', 'type': 'insufficient_quota', 'param': None, 'code': 'insufficient_quota'}}
GPT emotion classification failed, falling back to rule-based: Error code: 429 - {'error': {'message': 'You exceeded your current quota, please check your plan and billing details. For more information on this error, read the docs: https://platform.openai.com/docs/guides/error-codes/api-errors.', 'type': 'insufficient_quota', 'param': None, 'code': 'insufficient_quota'}}
GPT sentiment failed, falling back to rule-based: Error code: 429 - {'error': {'message': 'You exceeded your current quota, please check your plan and billing details. For more information on this error, read the docs: https://platform.openai.com/docs/guides/error-codes/api-errors.', 'type': 'insufficient_quota', 'param': None, 'code': 'insufficient_quota'}}
GPT emotion classification failed, falling back to rule-based: Error code: 429 - {'error': {'message': 'You exceeded your current quota, please check your plan and billing details. For more information on this error, read the docs: https://platform.openai.com/docs/guides/error-codes/api-errors.', 'type': 'insufficient_quota', 'param': None, 'code': 'insufficient_quota'}}
GPT sentiment failed, falling back to rule-based: Error code: 429 - {'error': {'message': 'You exceeded your current quota, please check your plan and billing details. For more information on this error, read the docs: https://platform.openai.com/docs/guides/error-codes/api-errors.', 'type': 'insufficient_quota', 'param': None, 'code': 'insufficient_quota'}}
GPT sentiment failed, falling back to rule-based: Error code: 429 - {'error': {'message': 'You exceeded your current quota, please check your plan and billing details. For more information on this error, read the docs: https://platform.openai.com/docs/guides/error-codes/api-errors.', 'type': 'insufficient_quota', 'param': None, 'code': 'insufficient_quota'}}
GPT emotion classification failed, falling back to rule-based: Error code: 429 - {'error': {'message': 'You exceeded your current quota, please check your plan and billing details. For more information on this error, read the docs: https://platform.openai.com/docs/guides/error-codes/api-errors.', 'type': 'insufficient_quota', 'param': None, 'code': 'insufficient_quota'}}
GPT insight generation failed: Error code: 429 - {'error': {'message': 'You exceeded your current quota, please check your plan and billing details. For more information on this error, read the docs: https://platform.openai.com/docs/guides/error-codes/api-errors.', 'type': 'insufficient_quota', 'param': None, 'code': 'insufficient_quota'}}
WorldNewsAPI request failed: 
WorldNewsAPI request failed: 
GPT sentiment failed, falling back to rule-based: Error code: 429 - {'error': {'message': 'You exceeded your current quota, please check your plan and billing details. For more information on this error, read the docs: https://platform.openai.com/docs/guides/error-codes/api-errors.', 'type': 'insufficient_quota', 'param': None, 'code': 'insufficient_quota'}}
GPT emotion classification failed, falling back to rule-based: Error code: 429 - {'error': {'message': 'You exceeded your current quota, please check your plan and billing details. For more information on this error, read the docs: https://platform.openai.com/docs/guides/error-codes/api-errors.', 'type': 'insufficient_quota', 'param': None, 'code': 'insufficient_quota'}}
GPT sentiment failed, falling back to rule-based: Error code: 429 - {'error': {'message': 'You exceeded your current quota, please check your plan and billing details. For more information on this error, read the docs: https://platform.openai.com/docs/guides/error-codes/api-errors.', 'type': 'insufficient_quota', 'param': None, 'code': 'insufficient_quota'}}
GPT emotion classification failed, falling back to rule-based: Error code: 429 - {'error': {'message': 'You exceeded your current quota, please check your plan and billing details. For more information on this error, read the docs: https://platform.openai.com/docs/guides/error-codes/api-errors.', 'type': 'insufficient_quota', 'param': None, 'code': 'insufficient_quota'}}
GPT emotion classification failed, falling back to rule-based: Error code: 429 - {'error': {'message': 'You exceeded your current quota, please check your plan and billing details. For more information on this error, read the docs: https://platform.openai.com/docs/guides/error-codes/api-errors.', 'type': 'insufficient_quota', 'param': None, 'code': 'insufficient_quota'}}
WorldNewsAPI {'language': 'ru'} responded 402: {"status":"failure", "code":402,"message":"Your daily points limit of 50 has been reached. Please upgrade your plan to continue using the API."}
GPT sentiment failed, falling back to rule-based: Error code: 429 - {'error': {'message': 'You exceeded your current quota, please check your plan and billing details. For more information on this error, read the docs: https://platform.openai.com/docs/guides/error-codes/api-errors.', 'type': 'insufficient_quota', 'param': None, 'code': 'insufficient_quota'}}
WorldNewsAPI request failed: Server disconnected without sending a response.
WorldNewsAPI {'language': 'kk'} responded 402: {"status":"failure", "code":402,"message":"Your daily points limit of 50 has been reached. Please upgrade your plan to continue using the API."}
WorldNewsAPI {'source-country': 'kz'} responded 402: {"status":"failure", "code":402,"message":"Your daily points limit of 50 has been reached. Please upgrade your plan to continue using the API."}
GPT emotion classification failed, falling back to rule-based: Error code: 429 - {'error': {'message': 'You exceeded your current quota, please check your plan and billing details. For more information on this error, read the docs: https://platform.openai.com/docs/guides/error-codes/api-errors.', 'type': 'insufficient_quota', 'param': None, 'code': 'insufficient_quota'}}
GPT sentiment failed, falling back to rule-based: Error code: 429 - {'error': {'message': 'You exceeded your current quota, please check your plan and billing details. For more information on this error, read the docs: https://platform.openai.com/docs/guides/error-codes/api-errors.', 'type': 'insufficient_quota', 'param': None, 'code': 'insufficient_quota'}}
WorldNewsAPI {'language': 'kk'} responded 402: {"status":"failure", "code":402,"message":"Your daily points limit of 50 has been reached. Please upgrade your plan to continue using the API."}
WorldNewsAPI {'source-country': 'kz'} responded 402: {"status":"failure", "code":402,"message":"Your daily points limit of 50 has been reached. Please upgrade your plan to continue using the API."}
GPT emotion classification failed, falling back to rule-based: Error code: 429 - {'error': {'message': 'You exceeded your current quota, please check your plan and billing details. For more information on this error, read the docs: https://platform.openai.com/docs/guides/error-codes/api-errors.', 'type': 'insufficient_quota', 'param': None, 'code': 'insufficient_quota'}}
GPT sentiment failed, falling back to rule-based: Error code: 429 - {'error': {'message': 'You exceeded your current quota, please check your plan and billing details. For more information on this error, read the docs: https://platform.openai.com/docs/guides/error-codes/api-errors.', 'type': 'insufficient_quota', 'param': None, 'code': 'insufficient_quota'}}
GPT emotion classification failed, falling back to rule-based: Error code: 429 - {'error': {'message': 'You exceeded your current quota, please check your plan and billing details. For more information on this error, read the docs: https://platform.openai.com/docs/guides/error-codes/api-errors.', 'type': 'insufficient_quota', 'param': None, 'code': 'insufficient_quota'}}
GPT emotion classification failed, falling back to rule-based: Error code: 429 - {'error': {'message': 'You exceeded your current quota, please check your plan and billing details. For more information on this error, read the docs: https://platform.openai.com/docs/guides/error-codes/api-errors.', 'type': 'insufficient_quota', 'param': None, 'code': 'insufficient_quota'}}
GPT sentiment failed, falling back to rule-based: Error code: 429 - {'error': {'message': 'You exceeded your current quota, please check your plan and billing details. For more information on this error, read the docs: https://platform.openai.com/docs/guides/error-codes/api-errors.', 'type': 'insufficient_quota', 'param': None, 'code': 'insufficient_quota'}}
GPT emotion classification failed, falling back to rule-based: Error code: 429 - {'error': {'message': 'You exceeded your current quota, please check your plan and billing details. For more information on this error, read the docs: https://platform.openai.com/docs/guides/error-codes/api-errors.', 'type': 'insufficient_quota', 'param': None, 'code': 'insufficient_quota'}}
GPT insight generation failed: Error code: 429 - {'error': {'message': 'You exceeded your current quota, please check your plan and billing details. For more information on this error, read the docs: https://platform.openai.com/docs/guides/error-codes/api-errors.', 'type': 'insufficient_quota', 'param': None, 'code': 'insufficient_quota'}}
GPT sentiment failed, falling back to rule-based: Error code: 429 - {'error': {'message': 'You exceeded your current quota, please check your plan and billing details. For more information on this error, read the docs: https://platform.openai.com/docs/guides/error-codes/api-errors.', 'type': 'insufficient_quota', 'param': None, 'code': 'insufficient_quota'}}
GPT emotion classification failed, falling back to rule-based: Error code: 429 - {'error': {'message': 'You exceeded your current quota, please check your plan and billing details. For more information on this error, read the docs: https://platform.openai.com/docs/guides/error-codes/api-errors.', 'type': 'insufficient_quota', 'param': None, 'code': 'insufficient_quota'}}
GPT insight generation failed: Error code: 429 - {'error': {'message': 'You exceeded your current quota, please check your plan and billing details. For more information on this error, read the docs: https://platform.openai.com/docs/guides/error-codes/api-errors.', 'type': 'insufficient_quota', 'param': None, 'code': 'insufficient_quota'}}
GPT emotion classification failed, falling back to rule-based: Error code: 429 - {'error': {'message': 'You exceeded your current quota, please check your plan and billing details. For more information on this error, read the docs: https://platform.openai.com/docs/guides/error-codes/api-errors.', 'type': 'insufficient_quota', 'param': None, 'code': 'insufficient_quota'}}
GPT sentiment failed, falling back to rule-based: Error code: 429 - {'error': {'message': 'You exceeded your current quota, please check your plan and billing details. For more information on this error, read the docs: https://platform.openai.com/docs/guides/error-codes/api-errors.', 'type': 'insufficient_quota', 'param': None, 'code': 'insufficient_quota'}}
GPT emotion classification failed, falling back to rule-based: Error code: 429 - {'error': {'message': 'You exceeded your current quota, please check your plan and billing details. For more information on this error, read the docs: https://platform.openai.com/docs/guides/error-codes/api-errors.', 'type': 'insufficient_quota', 'param': None, 'code': 'insufficient_quota'}}
WorldNewsAPI request failed: 
WorldNewsAPI request failed: 
WorldNewsAPI request failed: 
GPT sentiment failed, falling back to rule-based: Error code: 429 - {'error': {'message': 'You exceeded your current quota, please check your plan and billing details. For more information on this error, read the docs: https://platform.openai.com/docs/guides/error-codes/api-errors.', 'type': 'insufficient_quota', 'param': None, 'code': 'insufficient_quota'}}
GPT sentiment failed, falling back to rule-based: Error code: 429 - {'error': {'message': 'You exceeded your current quota, please check your plan and billing details. For more information on this error, read the docs: https://platform.openai.com/docs/guides/error-codes/api-errors.', 'type': 'insufficient_quota', 'param': None, 'code': 'insufficient_quota'}}
GPT sentiment failed, falling back to rule-based: Error code: 429 - {'error': {'message': 'You exceeded your current quota, please check your plan and billing details. For more information on this error, read the docs: https://platform.openai.com/docs/guides/error-codes/api-errors.', 'type': 'insufficient_quota', 'param': None, 'code': 'insufficient_quota'}}
GPT emotion classification failed, falling back to rule-based: Error code: 429 - {'error': {'message': 'You exceeded your current quota, please check your plan and billing details. For more information on this error, read the docs: https://platform.openai.com/docs/guides/error-codes/api-errors.', 'type': 'insufficient_quota', 'param': None, 'code': 'insufficient_quota'}}
GPT sentiment failed, falling back to rule-based: Error code: 429 - {'error': {'message': 'You exceeded your current quota, please check your plan and billing details. For more information on this error, read the docs: https://platform.openai.com/docs/guides/error-codes/api-errors.', 'type': 'insufficient_quota', 'param': None, 'code': 'insufficient_quota'}}
GPT emotion classification failed, falling back to rule-based: Error code: 429 - {'error': {'message': 'You exceeded your current quota, please check your plan and billing details. For more information on this error, read the docs: https://platform.openai.com/docs/guides/error-codes/api-errors.', 'type': 'insufficient_quota', 'param': None, 'code': 'insufficient_quota'}}
WorldNewsAPI request failed: 
WorldNewsAPI request failed: 
WorldNewsAPI request failed: 
GPT sentiment failed, falling back to rule-based: Error code: 429 - {'error': {'message': 'You exceeded your current quota, please check your plan and billing details. For more information on this error, read the docs: https://platform.openai.com/docs/guides/error-codes/api-errors.', 'type': 'insufficient_quota', 'param': None, 'code': 'insufficient_quota'}}
GPT emotion classification failed, falling back to rule-based: Error code: 429 - {'error': {'message': 'You exceeded your current quota, please check your plan and billing details. For more information on this error, read the docs: https://platform.openai.com/docs/guides/error-codes/api-errors.', 'type': 'insufficient_quota', 'param': None, 'code': 'insufficient_quota'}}
GPT sentiment failed, falling back to rule-based: Error code: 429 - {'error': {'message': 'You exceeded your current quota, please check your plan and billing details. For more information on this error, read the docs: https://platform.openai.com/docs/guides/error-codes/api-errors.', 'type': 'insufficient_quota', 'param': None, 'code': 'insufficient_quota'}}
GPT emotion classification failed, falling back to rule-based: Error code: 429 - {'error': {'message': 'You exceeded your current quota, please check your plan and billing details. For more information on this error, read the docs: https://platform.openai.com/docs/guides/error-codes/api-errors.', 'type': 'insufficient_quota', 'param': None, 'code': 'insufficient_quota'}}
GPT sentiment failed, falling back to rule-based: Error code: 429 - {'error': {'message': 'You exceeded your current quota, please check your plan and billing details. For more information on this error, read the docs: https://platform.openai.com/docs/guides/error-codes/api-errors.', 'type': 'insufficient_quota', 'param': None, 'code': 'insufficient_quota'}}
GPT emotion classification failed, falling back to rule-based: Error code: 429 - {'error': {'message': 'You exceeded your current quota, please check your plan and billing details. For more information on this error, read the docs: https://platform.openai.com/docs/guides/error-codes/api-errors.', 'type': 'insufficient_quota', 'param': None, 'code': 'insufficient_quota'}}
WorldNewsAPI request failed: 
WorldNewsAPI request failed: 
WorldNewsAPI {'language': 'kk'} responded 402: {"status":"failure", "code":402,"message":"Your daily points limit of 50 has been reached. Please upgrade your plan to continue using the API."}
GPT sentiment failed, falling back to rule-based: Error code: 429 - {'error': {'message': 'You exceeded your current quota, please check your plan and billing details. For more information on this error, read the docs: https://platform.openai.com/docs/guides/error-codes/api-errors.', 'type': 'insufficient_quota', 'param': None, 'code': 'insufficient_quota'}}
GPT emotion classification failed, falling back to rule-based: Error code: 429 - {'error': {'message': 'You exceeded your current quota, please check your plan and billing details. For more information on this error, read the docs: https://platform.openai.com/docs/guides/error-codes/api-errors.', 'type': 'insufficient_quota', 'param': None, 'code': 'insufficient_quota'}}
WorldNewsAPI {'source-country': 'kz'} responded 402: {"status":"failure", "code":402,"message":"Your daily points limit of 50 has been reached. Please upgrade your plan to continue using the API."}
GPT sentiment failed, falling back to rule-based: Error code: 429 - {'error': {'message': 'You exceeded your current quota, please check your plan and billing details. For more information on this error, read the docs: https://platform.openai.com/docs/guides/error-codes/api-errors.', 'type': 'insufficient_quota', 'param': None, 'code': 'insufficient_quota'}}
GPT emotion classification failed, falling back to rule-based: Error code: 429 - {'error': {'message': 'You exceeded your current quota, please check your plan and billing details. For more information on this error, read the docs: https://platform.openai.com/docs/guides/error-codes/api-errors.', 'type': 'insufficient_quota', 'param': None, 'code': 'insufficient_quota'}}
WorldNewsAPI {'source-country': 'kz'} responded 402: {"status":"failure", "code":402,"message":"Your daily points limit of 50 has been reached. Please upgrade your plan to continue using the API."}
WorldNewsAPI request failed: Server disconnected without sending a response.
GPT sentiment failed, falling back to rule-based: Error code: 429 - {'error': {'message': 'You exceeded your current quota, please check your plan and billing details. For more information on this error, read the docs: https://platform.openai.com/docs/guides/error-codes/api-errors.', 'type': 'insufficient_quota', 'param': None, 'code': 'insufficient_quota'}}
GPT emotion classification failed, falling back to rule-based: Error code: 429 - {'error': {'message': 'You exceeded your current quota, please check your plan and billing details. For more information on this error, read the docs: https://platform.openai.com/docs/guides/error-codes/api-errors.', 'type': 'insufficient_quota', 'param': None, 'code': 'insufficient_quota'}}
GPT sentiment failed, falling back to rule-based: Error code: 429 - {'error': {'message': 'You exceeded your current quota, please check your plan and billing details. For more information on this error, read the docs: https://platform.openai.com/docs/guides/error-codes/api-errors.', 'type': 'insufficient_quota', 'param': None, 'code': 'insufficient_quota'}}
GPT emotion classification failed, falling back to rule-based: Error code: 429 - {'error': {'message': 'You exceeded your current quota, please check your plan and billing details. For more information on this error, read the docs: https://platform.openai.com/docs/guides/error-codes/api-errors.', 'type': 'insufficient_quota', 'param': None, 'code': 'insufficient_quota'}}
GPT sentiment failed, falling back to rule-based: Error code: 429 - {'error': {'message': 'You exceeded your current quota, please check your plan and billing details. For more information on this error, read the docs: https://platform.openai.com/docs/guides/error-codes/api-errors.', 'type': 'insufficient_quota', 'param': None, 'code': 'insufficient_quota'}}
GPT emotion classification failed, falling back to rule-based: Error code: 429 - {'error': {'message': 'You exceeded your current quota, please check your plan and billing details. For more information on this error, read the docs: https://platform.openai.com/docs/guides/error-codes/api-errors.', 'type': 'insufficient_quota', 'param': None, 'code': 'insufficient_quota'}}
GPT sentiment failed, falling back to rule-based: Error code: 429 - {'error': {'message': 'You exceeded your current quota, please check your plan and billing details. For more information on this error, read the docs: https://platform.openai.com/docs/guides/error-codes/api-errors.', 'type': 'insufficient_quota', 'param': None, 'code': 'insufficient_quota'}}
GPT emotion classification failed, falling back to rule-based: Error code: 429 - {'error': {'message': 'You exceeded your current quota, please check your plan and billing details. For more information on this error, read the docs: https://platform.openai.com/docs/guides/error-codes/api-errors.', 'type': 'insufficient_quota', 'param': None, 'code': 'insufficient_quota'}}
GPT sentiment failed, falling back to rule-based: Error code: 429 - {'error': {'message': 'You exceeded your current quota, please check your plan and billing details. For more information on this error, read the docs: https://platform.openai.com/docs/guides/error-codes/api-errors.', 'type': 'insufficient_quota', 'param': None, 'code': 'insufficient_quota'}}
GPT emotion classification failed, falling back to rule-based: Error code: 429 - {'error': {'message': 'You exceeded your current quota, please check your plan and billing details. For more information on this error, read the docs: https://platform.openai.com/docs/guides/error-codes/api-errors.', 'type': 'insufficient_quota', 'param': None, 'code': 'insufficient_quota'}}
GPT insight generation failed: Error code: 429 - {'error': {'message': 'You exceeded your current quota, please check your plan and billing details. For more information on this error, read the docs: https://platform.openai.com/docs/guides/error-codes/api-errors.', 'type': 'insufficient_quota', 'param': None, 'code': 'insufficient_quota'}}
GPT insight generation failed: Error code: 429 - {'error': {'message': 'You exceeded your current quota, please check your plan and billing details. For more information on this error, read the docs: https://platform.openai.com/docs/guides/error-codes/api-errors.', 'type': 'insufficient_quota', 'param': None, 'code': 'insufficient_quota'}}
GPT insight generation failed: Error code: 429 - {'error': {'message': 'You exceeded your current quota, please check your plan and billing details. For more information on this error, read the docs: https://platform.openai.com/docs/guides/error-codes/api-errors.', 'type': 'insufficient_quota', 'param': None, 'code': 'insufficient_quota'}}
GPT sentiment failed, falling back to rule-based: Error code: 429 - {'error': {'message': 'You exceeded your current quota, please check your plan and billing details. For more information on this error, read the docs: https://platform.openai.com/docs/guides/error-codes/api-errors.', 'type': 'insufficient_quota', 'param': None, 'code': 'insufficient_quota'}}
GPT emotion classification failed, falling back to rule-based: Error code: 429 - {'error': {'message': 'You exceeded your current quota, please check your plan and billing details. For more information on this error, read the docs: https://platform.openai.com/docs/guides/error-codes/api-errors.', 'type': 'insufficient_quota', 'param': None, 'code': 'insufficient_quota'}}
GPT sentiment failed, falling back to rule-based: Error code: 429 - {'error': {'message': 'You exceeded your current quota, please check your plan and billing details. For more information on this error, read the docs: https://platform.openai.com/docs/guides/error-codes/api-errors.', 'type': 'insufficient_quota', 'param': None, 'code': 'insufficient_quota'}}
GPT emotion classification failed, falling back to rule-based: Error code: 429 - {'error': {'message': 'You exceeded your current quota, please check your plan and billing details. For more information on this error, read the docs: https://platform.openai.com/docs/guides/error-codes/api-errors.', 'type': 'insufficient_quota', 'param': None, 'code': 'insufficient_quota'}}
GPT sentiment failed, falling back to rule-based: Error code: 429 - {'error': {'message': 'You exceeded your current quota, please check your plan and billing details. For more information on this error, read the docs: https://platform.openai.com/docs/guides/error-codes/api-errors.', 'type': 'insufficient_quota', 'param': None, 'code': 'insufficient_quota'}}
GPT emotion classification failed, falling back to rule-based: Error code: 429 - {'error': {'message': 'You exceeded your current quota, please check your plan and billing details. For more information on this error, read the docs: https://platform.openai.com/docs/guides/error-codes/api-errors.', 'type': 'insufficient_quota', 'param': None, 'code': 'insufficient_quota'}}
GPT sentiment failed, falling back to rule-based: Error code: 429 - {'error': {'message': 'You exceeded your current quota, please check your plan and billing details. For more information on this error, read the docs: https://platform.openai.com/docs/guides/error-codes/api-errors.', 'type': 'insufficient_quota', 'param': None, 'code': 'insufficient_quota'}}
GPT emotion classification failed, falling back to rule-based: Error code: 429 - {'error': {'message': 'You exceeded your current quota, please check your plan and billing details. For more information on this error, read the docs: https://platform.openai.com/docs/guides/error-codes/api-errors.', 'type': 'insufficient_quota', 'param': None, 'code': 'insufficient_quota'}}
WorldNewsAPI {'language': 'en'} responded 402: {"status":"failure", "code":402,"message":"Your daily points limit of 50 has been reached. Please upgrade your plan to continue using the API."}
GPT sentiment failed, falling back to rule-based: Error code: 429 - {'error': {'message': 'You exceeded your current quota, please check your plan and billing details. For more information on this error, read the docs: https://platform.openai.com/docs/guides/error-codes/api-errors.', 'type': 'insufficient_quota', 'param': None, 'code': 'insufficient_quota'}}
GPT emotion classification failed, falling back to rule-based: Error code: 429 - {'error': {'message': 'You exceeded your current quota, please check your plan and billing details. For more information on this error, read the docs: https://platform.openai.com/docs/guides/error-codes/api-errors.', 'type': 'insufficient_quota', 'param': None, 'code': 'insufficient_quota'}}
WorldNewsAPI {'language': 'ru'} responded 402: {"status":"failure", "code":402,"message":"Your daily points limit of 50 has been reached. Please upgrade your plan to continue using the API."}
GPT sentiment failed, falling back to rule-based: Error code: 429 - {'error': {'message': 'You exceeded your current quota, please check your plan and billing details. For more information on this error, read the docs: https://platform.openai.com/docs/guides/error-codes/api-errors.', 'type': 'insufficient_quota', 'param': None, 'code': 'insufficient_quota'}}
GPT emotion classification failed, falling back to rule-based: Error code: 429 - {'error': {'message': 'You exceeded your current quota, please check your plan and billing details. For more information on this error, read the docs: https://platform.openai.com/docs/guides/error-codes/api-errors.', 'type': 'insufficient_quota', 'param': None, 'code': 'insufficient_quota'}}
WorldNewsAPI {'language': 'kk'} responded 402: {"status":"failure", "code":402,"message":"Your daily points limit of 50 has been reached. Please upgrade your plan to continue using the API."}
GPT sentiment failed, falling back to rule-based: Error code: 429 - {'error': {'message': 'You exceeded your current quota, please check your plan and billing details. For more information on this error, read the docs: https://platform.openai.com/docs/guides/error-codes/api-errors.', 'type': 'insufficient_quota', 'param': None, 'code': 'insufficient_quota'}}
GPT emotion classification failed, falling back to rule-based: Error code: 429 - {'error': {'message': 'You exceeded your current quota, please check your plan and billing details. For more information on this error, read the docs: https://platform.openai.com/docs/guides/error-codes/api-errors.', 'type': 'insufficient_quota', 'param': None, 'code': 'insufficient_quota'}}
WorldNewsAPI {'source-country': 'kz'} responded 402: {"status":"failure", "code":402,"message":"Your daily points limit of 50 has been reached. Please upgrade your plan to continue using the API."}
GPT sentiment failed, falling back to rule-based: Error code: 429 - {'error': {'message': 'You exceeded your current quota, please check your plan and billing details. For more information on this error, read the docs: https://platform.openai.com/docs/guides/error-codes/api-errors.', 'type': 'insufficient_quota', 'param': None, 'code': 'insufficient_quota'}}
GPT emotion classification failed, falling back to rule-based: Error code: 429 - {'error': {'message': 'You exceeded your current quota, please check your plan and billing details. For more information on this error, read the docs: https://platform.openai.com/docs/guides/error-codes/api-errors.', 'type': 'insufficient_quota', 'param': None, 'code': 'insufficient_quota'}}
GPT sentiment failed, falling back to rule-based: Error code: 429 - {'error': {'message': 'You exceeded your current quota, please check your plan and billing details. For more information on this error, read the docs: https://platform.openai.com/docs/guides/error-codes/api-errors.', 'type': 'insufficient_quota', 'param': None, 'code': 'insufficient_quota'}}
GPT emotion classification failed, falling back to rule-based: Error code: 429 - {'error': {'message': 'You exceeded your current quota, please check your plan and billing details. For more information on this error, read the docs: https://platform.openai.com/docs/guides/error-codes/api-errors.', 'type': 'insufficient_quota', 'param': None, 'code': 'insufficient_quota'}}
GPT sentiment failed, falling back to rule-based: Error code: 429 - {'error': {'message': 'You exceeded your current quota, please check your plan and billing details. For more information on this error, read the docs: https://platform.openai.com/docs/guides/error-codes/api-errors.', 'type': 'insufficient_quota', 'param': None, 'code': 'insufficient_quota'}}
GPT emotion classification failed, falling back to rule-based: Error code: 429 - {'error': {'message': 'You exceeded your current quota, please check your plan and billing details. For more information on this error, read the docs: https://platform.openai.com/docs/guides/error-codes/api-errors.', 'type': 'insufficient_quota', 'param': None, 'code': 'insufficient_quota'}}
GPT sentiment failed, falling back to rule-based: Error code: 429 - {'error': {'message': 'You exceeded your current quota, please check your plan and billing details. For more information on this error, read the docs: https://platform.openai.com/docs/guides/error-codes/api-errors.', 'type': 'insufficient_quota', 'param': None, 'code': 'insufficient_quota'}}
GPT emotion classification failed, falling back to rule-based: Error code: 429 - {'error': {'message': 'You exceeded your current quota, please check your plan and billing details. For more information on this error, read the docs: https://platform.openai.com/docs/guides/error-codes/api-errors.', 'type': 'insufficient_quota', 'param': None, 'code': 'insufficient_quota'}}
GPT sentiment failed, falling back to rule-based: Error code: 429 - {'error': {'message': 'You exceeded your current quota, please check your plan and billing details. For more information on this error, read the docs: https://platform.openai.com/docs/guides/error-codes/api-errors.', 'type': 'insufficient_quota', 'param': None, 'code': 'insufficient_quota'}}
GPT emotion classification failed, falling back to rule-based: Error code: 429 - {'error': {'message': 'You exceeded your current quota, please check your plan and billing details. For more information on this error, read the docs: https://platform.openai.com/docs/guides/error-codes/api-errors.', 'type': 'insufficient_quota', 'param': None, 'code': 'insufficient_quota'}}
GPT sentiment failed, falling back to rule-based: Error code: 429 - {'error': {'message': 'You exceeded your current quota, please check your plan and billing details. For more information on this error, read the docs: https://platform.openai.com/docs/guides/error-codes/api-errors.', 'type': 'insufficient_quota', 'param': None, 'code': 'insufficient_quota'}}
GPT emotion classification failed, falling back to rule-based: Error code: 429 - {'error': {'message': 'You exceeded your current quota, please check your plan and billing details. For more information on this error, read the docs: https://platform.openai.com/docs/guides/error-codes/api-errors.', 'type': 'insufficient_quota', 'param': None, 'code': 'insufficient_quota'}}
GPT insight generation failed: Error code: 429 - {'error': {'message': 'You exceeded your current quota, please check your plan and billing details. For more information on this error, read the docs: https://platform.openai.com/docs/guides/error-codes/api-errors.', 'type': 'insufficient_quota', 'param': None, 'code': 'insufficient_quota'}}
GPT sentiment failed, falling back to rule-based: Error code: 429 - {'error': {'message': 'You exceeded your current quota, please check your plan and billing details. For more information on this error, read the docs: https://platform.openai.com/docs/guides/error-codes/api-errors.', 'type': 'insufficient_quota', 'param': None, 'code': 'insufficient_quota'}}
GPT emotion classification failed, falling back to rule-based: Error code: 429 - {'error': {'message': 'You exceeded your current quota, please check your plan and billing details. For more information on this error, read the docs: https://platform.openai.com/docs/guides/error-codes/api-errors.', 'type': 'insufficient_quota', 'param': None, 'code': 'insufficient_quota'}}
GPT sentiment failed, falling back to rule-based: Error code: 429 - {'error': {'message': 'You exceeded your current quota, please check your plan and billing details. For more information on this error, read the docs: https://platform.openai.com/docs/guides/error-codes/api-errors.', 'type': 'insufficient_quota', 'param': None, 'code': 'insufficient_quota'}}
GPT emotion classification failed, falling back to rule-based: Error code: 429 - {'error': {'message': 'You exceeded your current quota, please check your plan and billing details. For more information on this error, read the docs: https://platform.openai.com/docs/guides/error-codes/api-errors.', 'type': 'insufficient_quota', 'param': None, 'code': 'insufficient_quota'}}
GPT sentiment failed, falling back to rule-based: Error code: 429 - {'error': {'message': 'You exceeded your current quota, please check your plan and billing details. For more information on this error, read the docs: https://platform.openai.com/docs/guides/error-codes/api-errors.', 'type': 'insufficient_quota', 'param': None, 'code': 'insufficient_quota'}}
GPT emotion classification failed, falling back to rule-based: Error code: 429 - {'error': {'message': 'You exceeded your current quota, please check your plan and billing details. For more information on this error, read the docs: https://platform.openai.com/docs/guides/error-codes/api-errors.', 'type': 'insufficient_quota', 'param': None, 'code': 'insufficient_quota'}}
GPT sentiment failed, falling back to rule-based: Error code: 429 - {'error': {'message': 'You exceeded your current quota, please check your plan and billing details. For more information on this error, read the docs: https://platform.openai.com/docs/guides/error-codes/api-errors.', 'type': 'insufficient_quota', 'param': None, 'code': 'insufficient_quota'}}
GPT emotion classification failed, falling back to rule-based: Error code: 429 - {'error': {'message': 'You exceeded your current quota, please check your plan and billing details. For more information on this error, read the docs: https://platform.openai.com/docs/guides/error-codes/api-errors.', 'type': 'insufficient_quota', 'param': None, 'code': 'insufficient_quota'}}
GPT sentiment failed, falling back to rule-based: Error code: 429 - {'error': {'message': 'You exceeded your current quota, please check your plan and billing details. For more information on this error, read the docs: https://platform.openai.com/docs/guides/error-codes/api-errors.', 'type': 'insufficient_quota', 'param': None, 'code': 'insufficient_quota'}}
GPT emotion classification failed, falling back to rule-based: Error code: 429 - {'error': {'message': 'You exceeded your current quota, please check your plan and billing details. For more information on this error, read the docs: https://platform.openai.com/docs/guides/error-codes/api-errors.', 'type': 'insufficient_quota', 'param': None, 'code': 'insufficient_quota'}}
GPT sentiment failed, falling back to rule-based: Error code: 429 - {'error': {'message': 'You exceeded your current quota, please check your plan and billing details. For more information on this error, read the docs: https://platform.openai.com/docs/guides/error-codes/api-errors.', 'type': 'insufficient_quota', 'param': None, 'code': 'insufficient_quota'}}
GPT emotion classification failed, falling back to rule-based: Error code: 429 - {'error': {'message': 'You exceeded your current quota, please check your plan and billing details. For more information on this error, read the docs: https://platform.openai.com/docs/guides/error-codes/api-errors.', 'type': 'insufficient_quota', 'param': None, 'code': 'insufficient_quota'}}
GPT sentiment failed, falling back to rule-based: Error code: 429 - {'error': {'message': 'You exceeded your current quota, please check your plan and billing details. For more information on this error, read the docs: https://platform.openai.com/docs/guides/error-codes/api-errors.', 'type': 'insufficient_quota', 'param': None, 'code': 'insufficient_quota'}}
GPT emotion classification failed, falling back to rule-based: Error code: 429 - {'error': {'message': 'You exceeded your current quota, please check your plan and billing details. For more information on this error, read the docs: https://platform.openai.com/docs/guides/error-codes/api-errors.', 'type': 'insufficient_quota', 'param': None, 'code': 'insufficient_quota'}}
GPT sentiment failed, falling back to rule-based: Error code: 429 - {'error': {'message': 'You exceeded your current quota, please check your plan and billing details. For more information on this error, read the docs: https://platform.openai.com/docs/guides/error-codes/api-errors.', 'type': 'insufficient_quota', 'param': None, 'code': 'insufficient_quota'}}
GPT emotion classification failed, falling back to rule-based: Error code: 429 - {'error': {'message': 'You exceeded your current quota, please check your plan and billing details. For more information on this error, read the docs: https://platform.openai.com/docs/guides/error-codes/api-errors.', 'type': 'insufficient_quota', 'param': None, 'code': 'insufficient_quota'}}
GPT sentiment failed, falling back to rule-based: Error code: 429 - {'error': {'message': 'You exceeded your current quota, please check your plan and billing details. For more information on this error, read the docs: https://platform.openai.com/docs/guides/error-codes/api-errors.', 'type': 'insufficient_quota', 'param': None, 'code': 'insufficient_quota'}}
GPT emotion classification failed, falling back to rule-based: Error code: 429 - {'error': {'message': 'You exceeded your current quota, please check your plan and billing details. For more information on this error, read the docs: https://platform.openai.com/docs/guides/error-codes/api-errors.', 'type': 'insufficient_quota', 'param': None, 'code': 'insufficient_quota'}}
GPT sentiment failed, falling back to rule-based: Error code: 429 - {'error': {'message': 'You exceeded your current quota, please check your plan and billing details. For more information on this error, read the docs: https://platform.openai.com/docs/guides/error-codes/api-errors.', 'type': 'insufficient_quota', 'param': None, 'code': 'insufficient_quota'}}
GPT emotion classification failed, falling back to rule-based: Error code: 429 - {'error': {'message': 'You exceeded your current quota, please check your plan and billing details. For more information on this error, read the docs: https://platform.openai.com/docs/guides/error-codes/api-errors.', 'type': 'insufficient_quota', 'param': None, 'code': 'insufficient_quota'}}
GPT sentiment failed, falling back to rule-based: Error code: 429 - {'error': {'message': 'You exceeded your current quota, please check your plan and billing details. For more information on this error, read the docs: https://platform.openai.com/docs/guides/error-codes/api-errors.', 'type': 'insufficient_quota', 'param': None, 'code': 'insufficient_quota'}}
GPT emotion classification failed, falling back to rule-based: Error code: 429 - {'error': {'message': 'You exceeded your current quota, please check your plan and billing details. For more information on this error, read the docs: https://platform.openai.com/docs/guides/error-codes/api-errors.', 'type': 'insufficient_quota', 'param': None, 'code': 'insufficient_quota'}}
GPT sentiment failed, falling back to rule-based: Error code: 429 - {'error': {'message': 'You exceeded your current quota, please check your plan and billing details. For more information on this error, read the docs: https://platform.openai.com/docs/guides/error-codes/api-errors.', 'type': 'insufficient_quota', 'param': None, 'code': 'insufficient_quota'}}
GPT emotion classification failed, falling back to rule-based: Error code: 429 - {'error': {'message': 'You exceeded your current quota, please check your plan and billing details. For more information on this error, read the docs: https://platform.openai.com/docs/guides/error-codes/api-errors.', 'type': 'insufficient_quota', 'param': None, 'code': 'insufficient_quota'}}
GPT sentiment failed, falling back to rule-based: Error code: 429 - {'error': {'message': 'You exceeded your current quota, please check your plan and billing details. For more information on this error, read the docs: https://platform.openai.com/docs/guides/error-codes/api-errors.', 'type': 'insufficient_quota', 'param': None, 'code': 'insufficient_quota'}}
GPT emotion classification failed, falling back to rule-based: Error code: 429 - {'error': {'message': 'You exceeded your current quota, please check your plan and billing details. For more information on this error, read the docs: https://platform.openai.com/docs/guides/error-codes/api-errors.', 'type': 'insufficient_quota', 'param': None, 'code': 'insufficient_quota'}}
GPT sentiment failed, falling back to rule-based: Error code: 429 - {'error': {'message': 'You exceeded your current quota, please check your plan and billing details. For more information on this error, read the docs: https://platform.openai.com/docs/guides/error-codes/api-errors.', 'type': 'insufficient_quota', 'param': None, 'code': 'insufficient_quota'}}
GPT emotion classification failed, falling back to rule-based: Error code: 429 - {'error': {'message': 'You exceeded your current quota, please check your plan and billing details. For more information on this error, read the docs: https://platform.openai.com/docs/guides/error-codes/api-errors.', 'type': 'insufficient_quota', 'param': None, 'code': 'insufficient_quota'}}
GPT sentiment failed, falling back to rule-based: Error code: 429 - {'error': {'message': 'You exceeded your current quota, please check your plan and billing details. For more information on this error, read the docs: https://platform.openai.com/docs/guides/error-codes/api-errors.', 'type': 'insufficient_quota', 'param': None, 'code': 'insufficient_quota'}}
GPT emotion classification failed, falling back to rule-based: Error code: 429 - {'error': {'message': 'You exceeded your current quota, please check your plan and billing details. For more information on this error, read the docs: https://platform.openai.com/docs/guides/error-codes/api-errors.', 'type': 'insufficient_quota', 'param': None, 'code': 'insufficient_quota'}}
GPT sentiment failed, falling back to rule-based: Error code: 429 - {'error': {'message': 'You exceeded your current quota, please check your plan and billing details. For more information on this error, read the docs: https://platform.openai.com/docs/guides/error-codes/api-errors.', 'type': 'insufficient_quota', 'param': None, 'code': 'insufficient_quota'}}
GPT emotion classification failed, falling back to rule-based: Error code: 429 - {'error': {'message': 'You exceeded your current quota, please check your plan and billing details. For more information on this error, read the docs: https://platform.openai.com/docs/guides/error-codes/api-errors.', 'type': 'insufficient_quota', 'param': None, 'code': 'insufficient_quota'}}
GPT sentiment failed, falling back to rule-based: Error code: 429 - {'error': {'message': 'You exceeded your current quota, please check your plan and billing details. For more information on this error, read the docs: https://platform.openai.com/docs/guides/error-codes/api-errors.', 'type': 'insufficient_quota', 'param': None, 'code': 'insufficient_quota'}}
GPT emotion classification failed, falling back to rule-based: Error code: 429 - {'error': {'message': 'You exceeded your current quota, please check your plan and billing details. For more information on this error, read the docs: https://platform.openai.com/docs/guides/error-codes/api-errors.', 'type': 'insufficient_quota', 'param': None, 'code': 'insufficient_quota'}}
GPT sentiment failed, falling back to rule-based: Error code: 429 - {'error': {'message': 'You exceeded your current quota, please check your plan and billing details. For more information on this error, read the docs: https://platform.openai.com/docs/guides/error-codes/api-errors.', 'type': 'insufficient_quota', 'param': None, 'code': 'insufficient_quota'}}
GPT emotion classification failed, falling back to rule-based: Error code: 429 - {'error': {'message': 'You exceeded your current quota, please check your plan and billing details. For more information on this error, read the docs: https://platform.openai.com/docs/guides/error-codes/api-errors.', 'type': 'insufficient_quota', 'param': None, 'code': 'insufficient_quota'}}
GPT sentiment failed, falling back to rule-based: Error code: 429 - {'error': {'message': 'You exceeded your current quota, please check your plan and billing details. For more information on this error, read the docs: https://platform.openai.com/docs/guides/error-codes/api-errors.', 'type': 'insufficient_quota', 'param': None, 'code': 'insufficient_quota'}}
GPT emotion classification failed, falling back to rule-based: Error code: 429 - {'error': {'message': 'You exceeded your current quota, please check your plan and billing details. For more information on this error, read the docs: https://platform.openai.com/docs/guides/error-codes/api-errors.', 'type': 'insufficient_quota', 'param': None, 'code': 'insufficient_quota'}}
GPT sentiment failed, falling back to rule-based: Error code: 429 - {'error': {'message': 'You exceeded your current quota, please check your plan and billing details. For more information on this error, read the docs: https://platform.openai.com/docs/guides/error-codes/api-errors.', 'type': 'insufficient_quota', 'param': None, 'code': 'insufficient_quota'}}
GPT emotion classification failed, falling back to rule-based: Error code: 429 - {'error': {'message': 'You exceeded your current quota, please check your plan and billing details. For more information on this error, read the docs: https://platform.openai.com/docs/guides/error-codes/api-errors.', 'type': 'insufficient_quota', 'param': None, 'code': 'insufficient_quota'}}
GPT sentiment failed, falling back to rule-based: Error code: 429 - {'error': {'message': 'You exceeded your current quota, please check your plan and billing details. For more information on this error, read the docs: https://platform.openai.com/docs/guides/error-codes/api-errors.', 'type': 'insufficient_quota', 'param': None, 'code': 'insufficient_quota'}}
GPT emotion classification failed, falling back to rule-based: Error code: 429 - {'error': {'message': 'You exceeded your current quota, please check your plan and billing details. For more information on this error, read the docs: https://platform.openai.com/docs/guides/error-codes/api-errors.', 'type': 'insufficient_quota', 'param': None, 'code': 'insufficient_quota'}}
GPT sentiment failed, falling back to rule-based: Error code: 429 - {'error': {'message': 'You exceeded your current quota, please check your plan and billing details. For more information on this error, read the docs: https://platform.openai.com/docs/guides/error-codes/api-errors.', 'type': 'insufficient_quota', 'param': None, 'code': 'insufficient_quota'}}
GPT emotion classification failed, falling back to rule-based: Error code: 429 - {'error': {'message': 'You exceeded your current quota, please check your plan and billing details. For more information on this error, read the docs: https://platform.openai.com/docs/guides/error-codes/api-errors.', 'type': 'insufficient_quota', 'param': None, 'code': 'insufficient_quota'}}
GPT sentiment failed, falling back to rule-based: Error code: 429 - {'error': {'message': 'You exceeded your current quota, please check your plan and billing details. For more information on this error, read the docs: https://platform.openai.com/docs/guides/error-codes/api-errors.', 'type': 'insufficient_quota', 'param': None, 'code': 'insufficient_quota'}}
GPT emotion classification failed, falling back to rule-based: Error code: 429 - {'error': {'message': 'You exceeded your current quota, please check your plan and billing details. For more information on this error, read the docs: https://platform.openai.com/docs/guides/error-codes/api-errors.', 'type': 'insufficient_quota', 'param': None, 'code': 'insufficient_quota'}}
GPT sentiment failed, falling back to rule-based: Error code: 429 - {'error': {'message': 'You exceeded your current quota, please check your plan and billing details. For more information on this error, read the docs: https://platform.openai.com/docs/guides/error-codes/api-errors.', 'type': 'insufficient_quota', 'param': None, 'code': 'insufficient_quota'}}
GPT emotion classification failed, falling back to rule-based: Error code: 429 - {'error': {'message': 'You exceeded your current quota, please check your plan and billing details. For more information on this error, read the docs: https://platform.openai.com/docs/guides/error-codes/api-errors.', 'type': 'insufficient_quota', 'param': None, 'code': 'insufficient_quota'}}
GPT sentiment failed, falling back to rule-based: Error code: 429 - {'error': {'message': 'You exceeded your current quota, please check your plan and billing details. For more information on this error, read the docs: https://platform.openai.com/docs/guides/error-codes/api-errors.', 'type': 'insufficient_quota', 'param': None, 'code': 'insufficient_quota'}}
GPT emotion classification failed, falling back to rule-based: Error code: 429 - {'error': {'message': 'You exceeded your current quota, please check your plan and billing details. For more information on this error, read the docs: https://platform.openai.com/docs/guides/error-codes/api-errors.', 'type': 'insufficient_quota', 'param': None, 'code': 'insufficient_quota'}}
GPT sentiment failed, falling back to rule-based: Error code: 429 - {'error': {'message': 'You exceeded your current quota, please check your plan and billing details. For more information on this error, read the docs: https://platform.openai.com/docs/guides/error-codes/api-errors.', 'type': 'insufficient_quota', 'param': None, 'code': 'insufficient_quota'}}
GPT emotion classification failed, falling back to rule-based: Error code: 429 - {'error': {'message': 'You exceeded your current quota, please check your plan and billing details. For more information on this error, read the docs: https://platform.openai.com/docs/guides/error-codes/api-errors.', 'type': 'insufficient_quota', 'param': None, 'code': 'insufficient_quota'}}
GPT sentiment failed, falling back to rule-based: Error code: 429 - {'error': {'message': 'You exceeded your current quota, please check your plan and billing details. For more information on this error, read the docs: https://platform.openai.com/docs/guides/error-codes/api-errors.', 'type': 'insufficient_quota', 'param': None, 'code': 'insufficient_quota'}}
GPT emotion classification failed, falling back to rule-based: Error code: 429 - {'error': {'message': 'You exceeded your current quota, please check your plan and billing details. For more information on this error, read the docs: https://platform.openai.com/docs/guides/error-codes/api-errors.', 'type': 'insufficient_quota', 'param': None, 'code': 'insufficient_quota'}}
GPT sentiment failed, falling back to rule-based: Error code: 429 - {'error': {'message': 'You exceeded your current quota, please check your plan and billing details. For more information on this error, read the docs: https://platform.openai.com/docs/guides/error-codes/api-errors.', 'type': 'insufficient_quota', 'param': None, 'code': 'insufficient_quota'}}
GPT emotion classification failed, falling back to rule-based: Error code: 429 - {'error': {'message': 'You exceeded your current quota, please check your plan and billing details. For more information on this error, read the docs: https://platform.openai.com/docs/guides/error-codes/api-errors.', 'type': 'insufficient_quota', 'param': None, 'code': 'insufficient_quota'}}
GPT sentiment failed, falling back to rule-based: Error code: 429 - {'error': {'message': 'You exceeded your current quota, please check your plan and billing details. For more information on this error, read the docs: https://platform.openai.com/docs/guides/error-codes/api-errors.', 'type': 'insufficient_quota', 'param': None, 'code': 'insufficient_quota'}}
GPT emotion classification failed, falling back to rule-based: Error code: 429 - {'error': {'message': 'You exceeded your current quota, please check your plan and billing details. For more information on this error, read the docs: https://platform.openai.com/docs/guides/error-codes/api-errors.', 'type': 'insufficient_quota', 'param': None, 'code': 'insufficient_quota'}}
GPT sentiment failed, falling back to rule-based: Error code: 429 - {'error': {'message': 'You exceeded your current quota, please check your plan and billing details. For more information on this error, read the docs: https://platform.openai.com/docs/guides/error-codes/api-errors.', 'type': 'insufficient_quota', 'param': None, 'code': 'insufficient_quota'}}
GPT emotion classification failed, falling back to rule-based: Error code: 429 - {'error': {'message': 'You exceeded your current quota, please check your plan and billing details. For more information on this error, read the docs: https://platform.openai.com/docs/guides/error-codes/api-errors.', 'type': 'insufficient_quota', 'param': None, 'code': 'insufficient_quota'}}
GPT sentiment failed, falling back to rule-based: Error code: 429 - {'error': {'message': 'You exceeded your current quota, please check your plan and billing details. For more information on this error, read the docs: https://platform.openai.com/docs/guides/error-codes/api-errors.', 'type': 'insufficient_quota', 'param': None, 'code': 'insufficient_quota'}}
GPT emotion classification failed, falling back to rule-based: Error code: 429 - {'error': {'message': 'You exceeded your current quota, please check your plan and billing details. For more information on this error, read the docs: https://platform.openai.com/docs/guides/error-codes/api-errors.', 'type': 'insufficient_quota', 'param': None, 'code': 'insufficient_quota'}}
GPT sentiment failed, falling back to rule-based: Error code: 429 - {'error': {'message': 'You exceeded your current quota, please check your plan and billing details. For more information on this error, read the docs: https://platform.openai.com/docs/guides/error-codes/api-errors.', 'type': 'insufficient_quota', 'param': None, 'code': 'insufficient_quota'}}
GPT emotion classification failed, falling back to rule-based: Error code: 429 - {'error': {'message': 'You exceeded your current quota, please check your plan and billing details. For more information on this error, read the docs: https://platform.openai.com/docs/guides/error-codes/api-errors.', 'type': 'insufficient_quota', 'param': None, 'code': 'insufficient_quota'}}
GPT sentiment failed, falling back to rule-based: Error code: 429 - {'error': {'message': 'You exceeded your current quota, please check your plan and billing details. For more information on this error, read the docs: https://platform.openai.com/docs/guides/error-codes/api-errors.', 'type': 'insufficient_quota', 'param': None, 'code': 'insufficient_quota'}}
GPT emotion classification failed, falling back to rule-based: Error code: 429 - {'error': {'message': 'You exceeded your current quota, please check your plan and billing details. For more information on this error, read the docs: https://platform.openai.com/docs/guides/error-codes/api-errors.', 'type': 'insufficient_quota', 'param': None, 'code': 'insufficient_quota'}}
GPT sentiment failed, falling back to rule-based: Error code: 429 - {'error': {'message': 'You exceeded your current quota, please check your plan and billing details. For more information on this error, read the docs: https://platform.openai.com/docs/guides/error-codes/api-errors.', 'type': 'insufficient_quota', 'param': None, 'code': 'insufficient_quota'}}
GPT emotion classification failed, falling back to rule-based: Error code: 429 - {'error': {'message': 'You exceeded your current quota, please check your plan and billing details. For more information on this error, read the docs: https://platform.openai.com/docs/guides/error-codes/api-errors.', 'type': 'insufficient_quota', 'param': None, 'code': 'insufficient_quota'}}
GPT sentiment failed, falling back to rule-based: Error code: 429 - {'error': {'message': 'You exceeded your current quota, please check your plan and billing details. For more information on this error, read the docs: https://platform.openai.com/docs/guides/error-codes/api-errors.', 'type': 'insufficient_quota', 'param': None, 'code': 'insufficient_quota'}}
GPT emotion classification failed, falling back to rule-based: Error code: 429 - {'error': {'message': 'You exceeded your current quota, please check your plan and billing details. For more information on this error, read the docs: https://platform.openai.com/docs/guides/error-codes/api-errors.', 'type': 'insufficient_quota', 'param': None, 'code': 'insufficient_quota'}}
GPT sentiment failed, falling back to rule-based: Error code: 429 - {'error': {'message': 'You exceeded your current quota, please check your plan and billing details. For more information on this error, read the docs: https://platform.openai.com/docs/guides/error-codes/api-errors.', 'type': 'insufficient_quota', 'param': None, 'code': 'insufficient_quota'}}
GPT emotion classification failed, falling back to rule-based: Error code: 429 - {'error': {'message': 'You exceeded your current quota, please check your plan and billing details. For more information on this error, read the docs: https://platform.openai.com/docs/guides/error-codes/api-errors.', 'type': 'insufficient_quota', 'param': None, 'code': 'insufficient_quota'}}
GPT sentiment failed, falling back to rule-based: Error code: 429 - {'error': {'message': 'You exceeded your current quota, please check your plan and billing details. For more information on this error, read the docs: https://platform.openai.com/docs/guides/error-codes/api-errors.', 'type': 'insufficient_quota', 'param': None, 'code': 'insufficient_quota'}}
GPT emotion classification failed, falling back to rule-based: Error code: 429 - {'error': {'message': 'You exceeded your current quota, please check your plan and billing details. For more information on this error, read the docs: https://platform.openai.com/docs/guides/error-codes/api-errors.', 'type': 'insufficient_quota', 'param': None, 'code': 'insufficient_quota'}}
GPT sentiment failed, falling back to rule-based: Error code: 429 - {'error': {'message': 'You exceeded your current quota, please check your plan and billing details. For more information on this error, read the docs: https://platform.openai.com/docs/guides/error-codes/api-errors.', 'type': 'insufficient_quota', 'param': None, 'code': 'insufficient_quota'}}
GPT emotion classification failed, falling back to rule-based: Error code: 429 - {'error': {'message': 'You exceeded your current quota, please check your plan and billing details. For more information on this error, read the docs: https://platform.openai.com/docs/guides/error-codes/api-errors.', 'type': 'insufficient_quota', 'param': None, 'code': 'insufficient_quota'}}
GPT sentiment failed, falling back to rule-based: Error code: 429 - {'error': {'message': 'You exceeded your current quota, please check your plan and billing details. For more information on this error, read the docs: https://platform.openai.com/docs/guides/error-codes/api-errors.', 'type': 'insufficient_quota', 'param': None, 'code': 'insufficient_quota'}}
GPT emotion classification failed, falling back to rule-based: Error code: 429 - {'error': {'message': 'You exceeded your current quota, please check your plan and billing details. For more information on this error, read the docs: https://platform.openai.com/docs/guides/error-codes/api-errors.', 'type': 'insufficient_quota', 'param': None, 'code': 'insufficient_quota'}}
GPT sentiment failed, falling back to rule-based: Error code: 429 - {'error': {'message': 'You exceeded your current quota, please check your plan and billing details. For more information on this error, read the docs: https://platform.openai.com/docs/guides/error-codes/api-errors.', 'type': 'insufficient_quota', 'param': None, 'code': 'insufficient_quota'}}
GPT emotion classification failed, falling back to rule-based: Error code: 429 - {'error': {'message': 'You exceeded your current quota, please check your plan and billing details. For more information on this error, read the docs: https://platform.openai.com/docs/guides/error-codes/api-errors.', 'type': 'insufficient_quota', 'param': None, 'code': 'insufficient_quota'}}
GPT sentiment failed, falling back to rule-based: Error code: 429 - {'error': {'message': 'You exceeded your current quota, please check your plan and billing details. For more information on this error, read the docs: https://platform.openai.com/docs/guides/error-codes/api-errors.', 'type': 'insufficient_quota', 'param': None, 'code': 'insufficient_quota'}}
GPT emotion classification failed, falling back to rule-based: Error code: 429 - {'error': {'message': 'You exceeded your current quota, please check your plan and billing details. For more information on this error, read the docs: https://platform.openai.com/docs/guides/error-codes/api-errors.', 'type': 'insufficient_quota', 'param': None, 'code': 'insufficient_quota'}}
GPT sentiment failed, falling back to rule-based: Error code: 429 - {'error': {'message': 'You exceeded your current quota, please check your plan and billing details. For more information on this error, read the docs: https://platform.openai.com/docs/guides/error-codes/api-errors.', 'type': 'insufficient_quota', 'param': None, 'code': 'insufficient_quota'}}
GPT emotion classification failed, falling back to rule-based: Error code: 429 - {'error': {'message': 'You exceeded your current quota, please check your plan and billing details. For more information on this error, read the docs: https://platform.openai.com/docs/guides/error-codes/api-errors.', 'type': 'insufficient_quota', 'param': None, 'code': 'insufficient_quota'}}
GPT sentiment failed, falling back to rule-based: Error code: 429 - {'error': {'message': 'You exceeded your current quota, please check your plan and billing details. For more information on this error, read the docs: https://platform.openai.com/docs/guides/error-codes/api-errors.', 'type': 'insufficient_quota', 'param': None, 'code': 'insufficient_quota'}}
GPT emotion classification failed, falling back to rule-based: Error code: 429 - {'error': {'message': 'You exceeded your current quota, please check your plan and billing details. For more information on this error, read the docs: https://platform.openai.com/docs/guides/error-codes/api-errors.', 'type': 'insufficient_quota', 'param': None, 'code': 'insufficient_quota'}}
GPT sentiment failed, falling back to rule-based: Error code: 429 - {'error': {'message': 'You exceeded your current quota, please check your plan and billing details. For more information on this error, read the docs: https://platform.openai.com/docs/guides/error-codes/api-errors.', 'type': 'insufficient_quota', 'param': None, 'code': 'insufficient_quota'}}
GPT emotion classification failed, falling back to rule-based: Error code: 429 - {'error': {'message': 'You exceeded your current quota, please check your plan and billing details. For more information on this error, read the docs: https://platform.openai.com/docs/guides/error-codes/api-errors.', 'type': 'insufficient_quota', 'param': None, 'code': 'insufficient_quota'}}
GPT sentiment failed, falling back to rule-based: Error code: 429 - {'error': {'message': 'You exceeded your current quota, please check your plan and billing details. For more information on this error, read the docs: https://platform.openai.com/docs/guides/error-codes/api-errors.', 'type': 'insufficient_quota', 'param': None, 'code': 'insufficient_quota'}}
GPT emotion classification failed, falling back to rule-based: Error code: 429 - {'error': {'message': 'You exceeded your current quota, please check your plan and billing details. For more information on this error, read the docs: https://platform.openai.com/docs/guides/error-codes/api-errors.', 'type': 'insufficient_quota', 'param': None, 'code': 'insufficient_quota'}}
GPT sentiment failed, falling back to rule-based: Error code: 429 - {'error': {'message': 'You exceeded your current quota, please check your plan and billing details. For more information on this error, read the docs: https://platform.openai.com/docs/guides/error-codes/api-errors.', 'type': 'insufficient_quota', 'param': None, 'code': 'insufficient_quota'}}
GPT emotion classification failed, falling back to rule-based: Error code: 429 - {'error': {'message': 'You exceeded your current quota, please check your plan and billing details. For more information on this error, read the docs: https://platform.openai.com/docs/guides/error-codes/api-errors.', 'type': 'insufficient_quota', 'param': None, 'code': 'insufficient_quota'}}
GPT sentiment failed, falling back to rule-based: Error code: 429 - {'error': {'message': 'You exceeded your current quota, please check your plan and billing details. For more information on this error, read the docs: https://platform.openai.com/docs/guides/error-codes/api-errors.', 'type': 'insufficient_quota', 'param': None, 'code': 'insufficient_quota'}}
GPT emotion classification failed, falling back to rule-based: Error code: 429 - {'error': {'message': 'You exceeded your current quota, please check your plan and billing details. For more information on this error, read the docs: https://platform.openai.com/docs/guides/error-codes/api-errors.', 'type': 'insufficient_quota', 'param': None, 'code': 'insufficient_quota'}}
GPT sentiment failed, falling back to rule-based: Error code: 429 - {'error': {'message': 'You exceeded your current quota, please check your plan and billing details. For more information on this error, read the docs: https://platform.openai.com/docs/guides/error-codes/api-errors.', 'type': 'insufficient_quota', 'param': None, 'code': 'insufficient_quota'}}
GPT emotion classification failed, falling back to rule-based: Error code: 429 - {'error': {'message': 'You exceeded your current quota, please check your plan and billing details. For more information on this error, read the docs: https://platform.openai.com/docs/guides/error-codes/api-errors.', 'type': 'insufficient_quota', 'param': None, 'code': 'insufficient_quota'}}
GPT sentiment failed, falling back to rule-based: Error code: 429 - {'error': {'message': 'You exceeded your current quota, please check your plan and billing details. For more information on this error, read the docs: https://platform.openai.com/docs/guides/error-codes/api-errors.', 'type': 'insufficient_quota', 'param': None, 'code': 'insufficient_quota'}}
GPT emotion classification failed, falling back to rule-based: Error code: 429 - {'error': {'message': 'You exceeded your current quota, please check your plan and billing details. For more information on this error, read the docs: https://platform.openai.com/docs/guides/error-codes/api-errors.', 'type': 'insufficient_quota', 'param': None, 'code': 'insufficient_quota'}}
GPT sentiment failed, falling back to rule-based: Error code: 429 - {'error': {'message': 'You exceeded your current quota, please check your plan and billing details. For more information on this error, read the docs: https://platform.openai.com/docs/guides/error-codes/api-errors.', 'type': 'insufficient_quota', 'param': None, 'code': 'insufficient_quota'}}
GPT emotion classification failed, falling back to rule-based: Error code: 429 - {'error': {'message': 'You exceeded your current quota, please check your plan and billing details. For more information on this error, read the docs: https://platform.openai.com/docs/guides/error-codes/api-errors.', 'type': 'insufficient_quota', 'param': None, 'code': 'insufficient_quota'}}
GPT sentiment failed, falling back to rule-based: Error code: 429 - {'error': {'message': 'You exceeded your current quota, please check your plan and billing details. For more information on this error, read the docs: https://platform.openai.com/docs/guides/error-codes/api-errors.', 'type': 'insufficient_quota', 'param': None, 'code': 'insufficient_quota'}}
GPT emotion classification failed, falling back to rule-based: Error code: 429 - {'error': {'message': 'You exceeded your current quota, please check your plan and billing details. For more information on this error, read the docs: https://platform.openai.com/docs/guides/error-codes/api-errors.', 'type': 'insufficient_quota', 'param': None, 'code': 'insufficient_quota'}}
GPT sentiment failed, falling back to rule-based: Error code: 429 - {'error': {'message': 'You exceeded your current quota, please check your plan and billing details. For more information on this error, read the docs: https://platform.openai.com/docs/guides/error-codes/api-errors.', 'type': 'insufficient_quota', 'param': None, 'code': 'insufficient_quota'}}
GPT emotion classification failed, falling back to rule-based: Error code: 429 - {'error': {'message': 'You exceeded your current quota, please check your plan and billing details. For more information on this error, read the docs: https://platform.openai.com/docs/guides/error-codes/api-errors.', 'type': 'insufficient_quota', 'param': None, 'code': 'insufficient_quota'}}
GPT sentiment failed, falling back to rule-based: Error code: 429 - {'error': {'message': 'You exceeded your current quota, please check your plan and billing details. For more information on this error, read the docs: https://platform.openai.com/docs/guides/error-codes/api-errors.', 'type': 'insufficient_quota', 'param': None, 'code': 'insufficient_quota'}}
GPT emotion classification failed, falling back to rule-based: Error code: 429 - {'error': {'message': 'You exceeded your current quota, please check your plan and billing details. For more information on this error, read the docs: https://platform.openai.com/docs/guides/error-codes/api-errors.', 'type': 'insufficient_quota', 'param': None, 'code': 'insufficient_quota'}}
WorldNewsAPI request failed: Server disconnected without sending a response.
GPT sentiment failed, falling back to rule-based: Error code: 429 - {'error': {'message': 'You exceeded your current quota, please check your plan and billing details. For more information on this error, read the docs: https://platform.openai.com/docs/guides/error-codes/api-errors.', 'type': 'insufficient_quota', 'param': None, 'code': 'insufficient_quota'}}
GPT emotion classification failed, falling back to rule-based: Error code: 429 - {'error': {'message': 'You exceeded your current quota, please check your plan and billing details. For more information on this error, read the docs: https://platform.openai.com/docs/guides/error-codes/api-errors.', 'type': 'insufficient_quota', 'param': None, 'code': 'insufficient_quota'}}
GPT sentiment failed, falling back to rule-based: Error code: 429 - {'error': {'message': 'You exceeded your current quota, please check your plan and billing details. For more information on this error, read the docs: https://platform.openai.com/docs/guides/error-codes/api-errors.', 'type': 'insufficient_quota', 'param': None, 'code': 'insufficient_quota'}}
GPT emotion classification failed, falling back to rule-based: Error code: 429 - {'error': {'message': 'You exceeded your current quota, please check your plan and billing details. For more information on this error, read the docs: https://platform.openai.com/docs/guides/error-codes/api-errors.', 'type': 'insufficient_quota', 'param': None, 'code': 'insufficient_quota'}}
WorldNewsAPI {'language': 'en'} responded 402: {"status":"failure", "code":402,"message":"Your daily points limit of 50 has been reached. Please upgrade your plan to continue using the API."}
WorldNewsAPI request failed: Server disconnected without sending a response.
GPT sentiment failed, falling back to rule-based: Error code: 429 - {'error': {'message': 'You exceeded your current quota, please check your plan and billing details. For more information on this error, read the docs: https://platform.openai.com/docs/guides/error-codes/api-errors.', 'type': 'insufficient_quota', 'param': None, 'code': 'insufficient_quota'}}
GPT emotion classification failed, falling back to rule-based: Error code: 429 - {'error': {'message': 'You exceeded your current quota, please check your plan and billing details. For more information on this error, read the docs: https://platform.openai.com/docs/guides/error-codes/api-errors.', 'type': 'insufficient_quota', 'param': None, 'code': 'insufficient_quota'}}
GPT sentiment failed, falling back to rule-based: Error code: 429 - {'error': {'message': 'You exceeded your current quota, please check your plan and billing details. For more information on this error, read the docs: https://platform.openai.com/docs/guides/error-codes/api-errors.', 'type': 'insufficient_quota', 'param': None, 'code': 'insufficient_quota'}}
GPT emotion classification failed, falling back to rule-based: Error code: 429 - {'error': {'message': 'You exceeded your current quota, please check your plan and billing details. For more information on this error, read the docs: https://platform.openai.com/docs/guides/error-codes/api-errors.', 'type': 'insufficient_quota', 'param': None, 'code': 'insufficient_quota'}}
WorldNewsAPI {'language': 'ru'} responded 402: {"status":"failure", "code":402,"message":"Your daily points limit of 50 has been reached. Please upgrade your plan to continue using the API."}
WorldNewsAPI {'language': 'kk'} responded 402: {"status":"failure", "code":402,"message":"Your daily points limit of 50 has been reached. Please upgrade your plan to continue using the API."}
GPT sentiment failed, falling back to rule-based: Error code: 429 - {'error': {'message': 'You exceeded your current quota, please check your plan and billing details. For more information on this error, read the docs: https://platform.openai.com/docs/guides/error-codes/api-errors.', 'type': 'insufficient_quota', 'param': None, 'code': 'insufficient_quota'}}
GPT emotion classification failed, falling back to rule-based: Error code: 429 - {'error': {'message': 'You exceeded your current quota, please check your plan and billing details. For more information on this error, read the docs: https://platform.openai.com/docs/guides/error-codes/api-errors.', 'type': 'insufficient_quota', 'param': None, 'code': 'insufficient_quota'}}
WorldNewsAPI {'language': 'kk'} responded 402: {"status":"failure", "code":402,"message":"Your daily points limit of 50 has been reached. Please upgrade your plan to continue using the API."}
WorldNewsAPI {'source-country': 'kz'} responded 402: {"status":"failure", "code":402,"message":"Your daily points limit of 50 has been reached. Please upgrade your plan to continue using the API."}
GPT sentiment failed, falling back to rule-based: Error code: 429 - {'error': {'message': 'You exceeded your current quota, please check your plan and billing details. For more information on this error, read the docs: https://platform.openai.com/docs/guides/error-codes/api-errors.', 'type': 'insufficient_quota', 'param': None, 'code': 'insufficient_quota'}}
GPT emotion classification failed, falling back to rule-based: Error code: 429 - {'error': {'message': 'You exceeded your current quota, please check your plan and billing details. For more information on this error, read the docs: https://platform.openai.com/docs/guides/error-codes/api-errors.', 'type': 'insufficient_quota', 'param': None, 'code': 'insufficient_quota'}}
Run time of job "_refresh_all_projects_job (trigger: interval[0:30:00], next run at: 2026-04-19 13:17:03 UTC)" was missed by 0:00:16.682102
GPT sentiment failed, falling back to rule-based: Error code: 429 - {'error': {'message': 'You exceeded your current quota, please check your plan and billing details. For more information on this error, read the docs: https://platform.openai.com/docs/guides/error-codes/api-errors.', 'type': 'insufficient_quota', 'param': None, 'code': 'insufficient_quota'}}
GPT emotion classification failed, falling back to rule-based: Error code: 429 - {'error': {'message': 'You exceeded your current quota, please check your plan and billing details. For more information on this error, read the docs: https://platform.openai.com/docs/guides/error-codes/api-errors.', 'type': 'insufficient_quota', 'param': None, 'code': 'insufficient_quota'}}
WorldNewsAPI {'source-country': 'kz'} responded 402: {"status":"failure", "code":402,"message":"Your daily points limit of 50 has been reached. Please upgrade your plan to continue using the API."}
GPT sentiment failed, falling back to rule-based: Error code: 429 - {'error': {'message': 'You exceeded your current quota, please check your plan and billing details. For more information on this error, read the docs: https://platform.openai.com/docs/guides/error-codes/api-errors.', 'type': 'insufficient_quota', 'param': None, 'code': 'insufficient_quota'}}
GPT emotion classification failed, falling back to rule-based: Error code: 429 - {'error': {'message': 'You exceeded your current quota, please check your plan and billing details. For more information on this error, read the docs: https://platform.openai.com/docs/guides/error-codes/api-errors.', 'type': 'insufficient_quota', 'param': None, 'code': 'insufficient_quota'}}
GPT sentiment failed, falling back to rule-based: Error code: 429 - {'error': {'message': 'You exceeded your current quota, please check your plan and billing details. For more information on this error, read the docs: https://platform.openai.com/docs/guides/error-codes/api-errors.', 'type': 'insufficient_quota', 'param': None, 'code': 'insufficient_quota'}}
GPT emotion classification failed, falling back to rule-based: Error code: 429 - {'error': {'message': 'You exceeded your current quota, please check your plan and billing details. For more information on this error, read the docs: https://platform.openai.com/docs/guides/error-codes/api-errors.', 'type': 'insufficient_quota', 'param': None, 'code': 'insufficient_quota'}}
GPT insight generation failed: Error code: 429 - {'error': {'message': 'You exceeded your current quota, please check your plan and billing details. For more information on this error, read the docs: https://platform.openai.com/docs/guides/error-codes/api-errors.', 'type': 'insufficient_quota', 'param': None, 'code': 'insufficient_quota'}}
GPT sentiment failed, falling back to rule-based: Error code: 429 - {'error': {'message': 'You exceeded your current quota, please check your plan and billing details. For more information on this error, read the docs: https://platform.openai.com/docs/guides/error-codes/api-errors.', 'type': 'insufficient_quota', 'param': None, 'code': 'insufficient_quota'}}
GPT emotion classification failed, falling back to rule-based: Error code: 429 - {'error': {'message': 'You exceeded your current quota, please check your plan and billing details. For more information on this error, read the docs: https://platform.openai.com/docs/guides/error-codes/api-errors.', 'type': 'insufficient_quota', 'param': None, 'code': 'insufficient_quota'}}
GPT insight generation failed: Error code: 429 - {'error': {'message': 'You exceeded your current quota, please check your plan and billing details. For more information on this error, read the docs: https://platform.openai.com/docs/guides/error-codes/api-errors.', 'type': 'insufficient_quota', 'param': None, 'code': 'insufficient_quota'}}
GPT sentiment failed, falling back to rule-based: Error code: 429 - {'error': {'message': 'You exceeded your current quota, please check your plan and billing details. For more information on this error, read the docs: https://platform.openai.com/docs/guides/error-codes/api-errors.', 'type': 'insufficient_quota', 'param': None, 'code': 'insufficient_quota'}}
GPT emotion classification failed, falling back to rule-based: Error code: 429 - {'error': {'message': 'You exceeded your current quota, please check your plan and billing details. For more information on this error, read the docs: https://platform.openai.com/docs/guides/error-codes/api-errors.', 'type': 'insufficient_quota', 'param': None, 'code': 'insufficient_quota'}}
GPT sentiment failed, falling back to rule-based: Error code: 429 - {'error': {'message': 'You exceeded your current quota, please check your plan and billing details. For more information on this error, read the docs: https://platform.openai.com/docs/guides/error-codes/api-errors.', 'type': 'insufficient_quota', 'param': None, 'code': 'insufficient_quota'}}
GPT emotion classification failed, falling back to rule-based: Error code: 429 - {'error': {'message': 'You exceeded your current quota, please check your plan and billing details. For more information on this error, read the docs: https://platform.openai.com/docs/guides/error-codes/api-errors.', 'type': 'insufficient_quota', 'param': None, 'code': 'insufficient_quota'}}
GPT sentiment failed, falling back to rule-based: Error code: 429 - {'error': {'message': 'You exceeded your current quota, please check your plan and billing details. For more information on this error, read the docs: https://platform.openai.com/docs/guides/error-codes/api-errors.', 'type': 'insufficient_quota', 'param': None, 'code': 'insufficient_quota'}}
GPT emotion classification failed, falling back to rule-based: Error code: 429 - {'error': {'message': 'You exceeded your current quota, please check your plan and billing details. For more information on this error, read the docs: https://platform.openai.com/docs/guides/error-codes/api-errors.', 'type': 'insufficient_quota', 'param': None, 'code': 'insufficient_quota'}}
GPT sentiment failed, falling back to rule-based: Error code: 429 - {'error': {'message': 'You exceeded your current quota, please check your plan and billing details. For more information on this error, read the docs: https://platform.openai.com/docs/guides/error-codes/api-errors.', 'type': 'insufficient_quota', 'param': None, 'code': 'insufficient_quota'}}
GPT emotion classification failed, falling back to rule-based: Error code: 429 - {'error': {'message': 'You exceeded your current quota, please check your plan and billing details. For more information on this error, read the docs: https://platform.openai.com/docs/guides/error-codes/api-errors.', 'type': 'insufficient_quota', 'param': None, 'code': 'insufficient_quota'}}
GPT sentiment failed, falling back to rule-based: Error code: 429 - {'error': {'message': 'You exceeded your current quota, please check your plan and billing details. For more information on this error, read the docs: https://platform.openai.com/docs/guides/error-codes/api-errors.', 'type': 'insufficient_quota', 'param': None, 'code': 'insufficient_quota'}}
GPT emotion classification failed, falling back to rule-based: Error code: 429 - {'error': {'message': 'You exceeded your current quota, please check your plan and billing details. For more information on this error, read the docs: https://platform.openai.com/docs/guides/error-codes/api-errors.', 'type': 'insufficient_quota', 'param': None, 'code': 'insufficient_quota'}}
GPT sentiment failed, falling back to rule-based: Error code: 429 - {'error': {'message': 'You exceeded your current quota, please check your plan and billing details. For more information on this error, read the docs: https://platform.openai.com/docs/guides/error-codes/api-errors.', 'type': 'insufficient_quota', 'param': None, 'code': 'insufficient_quota'}}
GPT emotion classification failed, falling back to rule-based: Error code: 429 - {'error': {'message': 'You exceeded your current quota, please check your plan and billing details. For more information on this error, read the docs: https://platform.openai.com/docs/guides/error-codes/api-errors.', 'type': 'insufficient_quota', 'param': None, 'code': 'insufficient_quota'}}
GPT sentiment failed, falling back to rule-based: Error code: 429 - {'error': {'message': 'You exceeded your current quota, please check your plan and billing details. For more information on this error, read the docs: https://platform.openai.com/docs/guides/error-codes/api-errors.', 'type': 'insufficient_quota', 'param': None, 'code': 'insufficient_quota'}}
GPT emotion classification failed, falling back to rule-based: Error code: 429 - {'error': {'message': 'You exceeded your current quota, please check your plan and billing details. For more information on this error, read the docs: https://platform.openai.com/docs/guides/error-codes/api-errors.', 'type': 'insufficient_quota', 'param': None, 'code': 'insufficient_quota'}}
WorldNewsAPI {'language': 'en'} responded 402: {"status":"failure", "code":402,"message":"Your daily points limit of 50 has been reached. Please upgrade your plan to continue using the API."}
WorldNewsAPI {'language': 'ru'} responded 402: {"status":"failure", "code":402,"message":"Your daily points limit of 50 has been reached. Please upgrade your plan to continue using the API."}
WorldNewsAPI {'language': 'kk'} responded 402: {"status":"failure", "code":402,"message":"Your daily points limit of 50 has been reached. Please upgrade your plan to continue using the API."}
WorldNewsAPI {'source-country': 'kz'} responded 402: {"status":"failure", "code":402,"message":"Your daily points limit of 50 has been reached. Please upgrade your plan to continue using the API."}
GPT insight generation failed: Error code: 429 - {'error': {'message': 'You exceeded your current quota, please check your plan and billing details. For more information on this error, read the docs: https://platform.openai.com/docs/guides/error-codes/api-errors.', 'type': 'insufficient_quota', 'param': None, 'code': 'insufficient_quota'}}
GPT sentiment failed, falling back to rule-based: Error code: 429 - {'error': {'message': 'You exceeded your current quota, please check your plan and billing details. For more information on this error, read the docs: https://platform.openai.com/docs/guides/error-codes/api-errors.', 'type': 'insufficient_quota', 'param': None, 'code': 'insufficient_quota'}}
GPT emotion classification failed, falling back to rule-based: Error code: 429 - {'error': {'message': 'You exceeded your current quota, please check your plan and billing details. For more information on this error, read the docs: https://platform.openai.com/docs/guides/error-codes/api-errors.', 'type': 'insufficient_quota', 'param': None, 'code': 'insufficient_quota'}}
GPT sentiment failed, falling back to rule-based: Error code: 429 - {'error': {'message': 'You exceeded your current quota, please check your plan and billing details. For more information on this error, read the docs: https://platform.openai.com/docs/guides/error-codes/api-errors.', 'type': 'insufficient_quota', 'param': None, 'code': 'insufficient_quota'}}
GPT emotion classification failed, falling back to rule-based: Error code: 429 - {'error': {'message': 'You exceeded your current quota, please check your plan and billing details. For more information on this error, read the docs: https://platform.openai.com/docs/guides/error-codes/api-errors.', 'type': 'insufficient_quota', 'param': None, 'code': 'insufficient_quota'}}
WorldNewsAPI {'language': 'en'} responded 402: {"status":"failure", "code":402,"message":"Your daily points limit of 50 has been reached. Please upgrade your plan to continue using the API."}
WorldNewsAPI {'language': 'ru'} responded 402: {"status":"failure", "code":402,"message":"Your daily points limit of 50 has been reached. Please upgrade your plan to continue using the API."}
WorldNewsAPI {'language': 'kk'} responded 402: {"status":"failure", "code":402,"message":"Your daily points limit of 50 has been reached. Please upgrade your plan to continue using the API."}
WorldNewsAPI {'source-country': 'kz'} responded 402: {"status":"failure", "code":402,"message":"Your daily points limit of 50 has been reached. Please upgrade your plan to continue using the API."}
GPT insight generation failed: Error code: 429 - {'error': {'message': 'You exceeded your current quota, please check your plan and billing details. For more information on this error, read the docs: https://platform.openai.com/docs/guides/error-codes/api-errors.', 'type': 'insufficient_quota', 'param': None, 'code': 'insufficient_quota'}}
INFO:     Shutting down
INFO:     Waiting for application shutdown.
INFO:     Application shutdown complete.
INFO:     Finished server process [23356]
